-- MySQL dump 10.16  Distrib 10.1.32-MariaDB, for Win32 (AMD64)
--
-- Host: 222.254.60.41    Database: chesscf
-- ------------------------------------------------------
-- Server version	10.3.22-MariaDB-0+deb10u1

/*!40101 SET @OLD_CHARACTER_SET_CLIENT=@@CHARACTER_SET_CLIENT */;
/*!40101 SET @OLD_CHARACTER_SET_RESULTS=@@CHARACTER_SET_RESULTS */;
/*!40101 SET @OLD_COLLATION_CONNECTION=@@COLLATION_CONNECTION */;
/*!40101 SET NAMES utf8 */;
/*!40103 SET @OLD_TIME_ZONE=@@TIME_ZONE */;
/*!40103 SET TIME_ZONE='+00:00' */;
/*!40014 SET @OLD_UNIQUE_CHECKS=@@UNIQUE_CHECKS, UNIQUE_CHECKS=0 */;
/*!40014 SET @OLD_FOREIGN_KEY_CHECKS=@@FOREIGN_KEY_CHECKS, FOREIGN_KEY_CHECKS=0 */;
/*!40101 SET @OLD_SQL_MODE=@@SQL_MODE, SQL_MODE='NO_AUTO_VALUE_ON_ZERO' */;
/*!40111 SET @OLD_SQL_NOTES=@@SQL_NOTES, SQL_NOTES=0 */;

--
-- Table structure for table `dbo_admin`
--

DROP TABLE IF EXISTS `dbo_admin`;
/*!40101 SET @saved_cs_client     = @@character_set_client */;
/*!40101 SET character_set_client = utf8 */;
CREATE TABLE `dbo_admin` (
  `id` int(10) unsigned NOT NULL AUTO_INCREMENT,
  `username` char(20) NOT NULL,
  `password` char(200) NOT NULL,
  `admin` tinyint(1) NOT NULL DEFAULT 1,
  `is_super_admin` tinyint(1) DEFAULT 0,
  `created_at` datetime NOT NULL,
  `updated_at` timestamp(6) NOT NULL DEFAULT '2018-04-01 11:00:00.000000' ON UPDATE current_timestamp(6),
  `otp` char(6) DEFAULT NULL,
  `active` tinyint(1) NOT NULL DEFAULT 1,
  `remember_token` varchar(500) DEFAULT NULL,
  PRIMARY KEY (`id`) USING BTREE,
  UNIQUE KEY `username` (`username`) USING BTREE
) ENGINE=InnoDB AUTO_INCREMENT=9 DEFAULT CHARSET=utf8 ROW_FORMAT=DYNAMIC;
/*!40101 SET character_set_client = @saved_cs_client */;

--
-- Dumping data for table `dbo_admin`
--

LOCK TABLES `dbo_admin` WRITE;
/*!40000 ALTER TABLE `dbo_admin` DISABLE KEYS */;
INSERT INTO `dbo_admin` VALUES (1,'namthang','$2y$10$7EjsRQfaPEWvaZze/vr.pu5Jx5kX7qdxVYc7cHptiAalGkpCl2Q8K',1,1,'2018-11-29 07:08:29','2020-06-17 10:29:10.284892','123456',1,'r5On53XioMwh6wktkhgILG2qfb5hxDrE5MUC9vMBVFIoV0D0hDF5w9AtPyDu'),(2,'vukimluyen','$2y$10$OK4cZkhfJ5JA8VT.pnNPZuTaJDDyjy5HGrC9ARoG42jqK2AUtSPsy',1,0,'2020-01-07 14:50:05','2020-06-17 14:30:05.120486',NULL,1,NULL),(3,'vuvanvo','$2y$10$A/oPXjoavaSelnh1.YprBOitWAKGqIddzPXdXROPttU56iUH8MvRq',1,0,'2020-06-12 16:13:17','2020-06-17 12:01:20.946832',NULL,1,NULL),(8,'nhanvien','$2y$10$/uMloBW3z2N/LV5op31o5O9sGoUT3WM/EKBvOYzl0cchj7s1BpA9K',0,0,'2020-08-01 10:17:10','2018-04-01 11:00:00.000000',NULL,1,NULL);
/*!40000 ALTER TABLE `dbo_admin` ENABLE KEYS */;
UNLOCK TABLES;

--
-- Table structure for table `dbo_class`
--

DROP TABLE IF EXISTS `dbo_class`;
/*!40101 SET @saved_cs_client     = @@character_set_client */;
/*!40101 SET character_set_client = utf8 */;
CREATE TABLE `dbo_class` (
  `code` varchar(20) NOT NULL,
  `schedule_id` int(20) unsigned NOT NULL,
  `status` tinyint(2) NOT NULL DEFAULT 0 COMMENT '0: khoi tao\r\n1: dang tuyen sinh\r\n2: dang hoat dong\r\n3: da hoan thanh',
  `start_date` date DEFAULT NULL,
  `creator` varchar(50) DEFAULT NULL,
  `created_at` datetime(6) DEFAULT NULL,
  `updated_at` timestamp(6) NULL DEFAULT '2018-04-01 11:00:00.000000' ON UPDATE current_timestamp(6),
  PRIMARY KEY (`code`),
  KEY `fk_class_schedule_id` (`schedule_id`),
  CONSTRAINT `fk_class_schedule_id` FOREIGN KEY (`schedule_id`) REFERENCES `dbo_schedule` (`id`) ON DELETE NO ACTION ON UPDATE CASCADE
) ENGINE=InnoDB DEFAULT CHARSET=utf8;
/*!40101 SET character_set_client = @saved_cs_client */;

--
-- Dumping data for table `dbo_class`
--

LOCK TABLES `dbo_class` WRITE;
/*!40000 ALTER TABLE `dbo_class` DISABLE KEYS */;
INSERT INTO `dbo_class` VALUES ('CV62020CB',2,1,'2020-07-01','namthang','2020-06-23 16:33:31.000000','2018-04-01 11:00:00.000000'),('CV62020CLB',4,1,'2020-07-01','namthang','2020-06-23 16:34:06.000000','2018-04-01 11:00:00.000000'),('CV62020NC',3,1,'2020-07-01','namthang','2020-06-23 16:33:51.000000','2018-04-01 11:00:00.000000'),('CV62020NM',1,1,'2020-07-01','namthang','2020-06-23 14:21:30.000000','2020-06-22 17:45:27.830290');
/*!40000 ALTER TABLE `dbo_class` ENABLE KEYS */;
UNLOCK TABLES;

--
-- Table structure for table `dbo_config`
--

DROP TABLE IF EXISTS `dbo_config`;
/*!40101 SET @saved_cs_client     = @@character_set_client */;
/*!40101 SET character_set_client = utf8 */;
CREATE TABLE `dbo_config` (
  `id` int(20) unsigned NOT NULL AUTO_INCREMENT,
  `name` varchar(255) NOT NULL,
  `type` tinyint(2) DEFAULT NULL COMMENT '1: thu, 2: chi',
  PRIMARY KEY (`id`)
) ENGINE=InnoDB AUTO_INCREMENT=12 DEFAULT CHARSET=utf8;
/*!40101 SET character_set_client = @saved_cs_client */;

--
-- Dumping data for table `dbo_config`
--

LOCK TABLES `dbo_config` WRITE;
/*!40000 ALTER TABLE `dbo_config` DISABLE KEYS */;
INSERT INTO `dbo_config` VALUES (1,'Hóa đơn điện',2),(2,'Hóa đơn nước',2),(3,'Hóa đơn internet',2),(4,'Thuê nhân viên',2),(5,'Doanh thu cuối ngày',1),(6,'Khoản chi khác',2),(7,'Khoản thu khác',1),(8,'Mua vật dụng',2),(9,'Thuê mặt bằng',2),(10,'Nguyên liệu pha chế',2),(11,'Doanh thu lớp học',1);
/*!40000 ALTER TABLE `dbo_config` ENABLE KEYS */;
UNLOCK TABLES;

--
-- Table structure for table `dbo_expense`
--

DROP TABLE IF EXISTS `dbo_expense`;
/*!40101 SET @saved_cs_client     = @@character_set_client */;
/*!40101 SET character_set_client = utf8 */;
CREATE TABLE `dbo_expense` (
  `id` int(20) unsigned NOT NULL AUTO_INCREMENT,
  `config_id` int(20) unsigned DEFAULT NULL,
  `note` varchar(1000) DEFAULT NULL,
  `date_string` varchar(20) NOT NULL,
  `date_original` datetime DEFAULT NULL,
  `is_refund` tinyint(1) DEFAULT 0,
  `user_id` int(20) unsigned DEFAULT NULL,
  `amount` bigint(20) NOT NULL,
  `created_at` datetime DEFAULT NULL,
  `updated_at` timestamp NOT NULL DEFAULT '2018-04-01 11:00:00' ON UPDATE current_timestamp(),
  `created_user` varchar(255) NOT NULL,
  `updated_user` varchar(255) DEFAULT NULL,
  PRIMARY KEY (`id`),
  KEY `fk_expense_config` (`config_id`),
  KEY `fk_expense_user` (`user_id`),
  CONSTRAINT `fk_expense_config` FOREIGN KEY (`config_id`) REFERENCES `dbo_config` (`id`) ON DELETE NO ACTION ON UPDATE CASCADE,
  CONSTRAINT `fk_expense_user` FOREIGN KEY (`user_id`) REFERENCES `dbo_admin` (`id`) ON DELETE NO ACTION ON UPDATE CASCADE
) ENGINE=InnoDB AUTO_INCREMENT=109 DEFAULT CHARSET=utf8;
/*!40101 SET character_set_client = @saved_cs_client */;

--
-- Dumping data for table `dbo_expense`
--

LOCK TABLES `dbo_expense` WRITE;
/*!40000 ALTER TABLE `dbo_expense` DISABLE KEYS */;
INSERT INTO `dbo_expense` VALUES (3,9,'Thuê mặt bằng 6 tháng','10/06/2020','2020-06-10 12:00:00',0,1,27200000,'2020-06-17 19:05:48','2020-06-17 14:39:00','namthang','namthang'),(4,8,'Mua tủ mát cho quán','11/06/2020','2020-06-11 00:00:00',0,1,4000000,'2020-06-17 19:06:14','2020-06-17 13:10:58','namthang',NULL),(5,8,'Mua bàn ghế, cốc, vắt chanh, thìa.. ( Nam từ liêm)','11/06/2020','2020-06-11 00:00:00',0,1,1380000,'2020-06-17 19:06:44','2020-06-17 13:10:58','namthang',NULL),(6,8,'Máy ép (shopee)','12/06/2020','2020-06-12 00:00:00',0,1,485000,'2020-06-17 19:07:11','2020-06-17 13:10:58','namthang',NULL),(7,8,'Sơn + chổi sơn + gậy sơn','14/06/2020','2020-06-14 00:00:00',0,1,430000,'2020-06-17 19:08:08','2020-06-17 13:10:58','namthang',NULL),(8,8,'Chổi lau nhà x2c','14/06/2020','2020-06-14 00:00:00',0,1,100000,'2020-06-17 19:08:22','2020-06-17 13:10:58','namthang',NULL),(9,8,'Máy xay sinh tố (shopee)','15/06/2020','2020-06-15 00:00:00',0,1,1050000,'2020-06-17 19:08:44','2020-06-17 13:10:58','namthang',NULL),(10,6,'Vận chuyển tủ mát','11/06/2020','2020-06-11 00:00:00',0,3,200000,'2020-06-17 19:09:20','2020-06-17 13:10:58','namthang',NULL),(11,10,'Đào tươi','12/06/2020','2020-06-12 00:00:00',0,2,250000,'2020-06-17 19:10:57','2020-06-17 13:10:58','namthang',NULL),(12,8,'Ống hút đen (1 gói)','16/06/2020','2020-06-16 00:00:00',0,2,40000,'2020-06-17 19:11:30','2020-06-17 13:10:58','namthang',NULL),(13,8,'Băng dính đen (1 lốc)','16/06/2020','2020-06-16 00:00:00',0,2,40000,'2020-06-17 19:11:51','2020-06-17 13:10:58','namthang',NULL),(14,8,'Que kem (1 gói)','16/06/2020','2020-06-16 00:00:00',0,2,50000,'2020-06-17 19:12:22','2020-06-17 13:10:58','namthang',NULL),(15,8,'Bình dựng đào (2 bình)','12/06/2020','2020-06-12 00:00:00',0,2,40000,'2020-06-17 19:12:54','2020-06-17 13:10:58','namthang',NULL),(16,10,'Đường phèn (1kg)','12/06/2020','2020-06-12 00:00:00',0,2,30000,'2020-06-17 19:13:20','2020-06-17 13:10:58','namthang',NULL),(17,10,'Đường nâu (4kg)','12/06/2020','2020-06-12 00:00:00',0,2,60000,'2020-06-17 19:13:51','2020-06-17 13:10:58','namthang',NULL),(18,10,'siro việt quất (1 chai)','16/06/2020','2020-06-16 00:00:00',0,2,110000,'2020-06-17 19:14:22','2020-06-17 13:10:58','namthang',NULL),(19,10,'Curacao','16/06/2020','2020-06-16 00:00:00',0,2,175000,'2020-06-17 19:14:39','2020-06-17 13:10:58','namthang',NULL),(20,10,'Sốt scl (1chai)','16/06/2020','2020-06-16 00:00:00',0,2,90000,'2020-06-17 19:14:55','2020-06-17 13:10:58','namthang',NULL),(21,10,'Siro bạc hà (1 can)','16/06/2020','2020-06-16 00:00:00',0,2,160000,'2020-06-17 19:15:10','2020-06-17 13:10:58','namthang',NULL),(22,10,'Thạch cá (1 bình)','16/06/2020','2020-06-16 00:00:00',0,2,65000,'2020-06-17 19:15:26','2020-06-17 13:10:58','namthang',NULL),(23,10,'Bột mix (1 gói)','16/06/2020','2020-06-16 00:00:00',0,2,100000,'2020-06-17 19:15:40','2020-06-17 13:10:58','namthang',NULL),(24,10,'Trà sâm dứa (1 gói)','16/06/2020','2020-06-16 00:00:00',0,2,50000,'2020-06-17 19:15:52','2020-06-17 13:10:58','namthang',NULL),(25,10,'Hoa đậu biếc (1 gói)','16/06/2020','2020-06-16 00:00:00',0,2,70000,'2020-06-17 19:16:09','2020-06-17 13:10:58','namthang',NULL),(26,10,'Monin bạc hà (1 chai)','16/06/2020','2020-06-16 00:00:00',0,2,210000,'2020-06-17 19:16:25','2020-06-17 13:10:58','namthang',NULL),(27,10,'Siro đào (1 chai)','16/06/2020','2020-06-16 00:00:00',0,2,110000,'2020-06-17 19:16:35','2020-06-17 13:10:58','namthang',NULL),(28,8,'Tủ đông','20/06/2020','2020-06-20 12:00:00',0,1,3200000,'2020-06-18 03:39:56','2018-04-01 11:00:00','vuvanvo',NULL),(29,8,'Ghế trắng x 16c','20/06/2020','2020-06-20 12:00:00',0,1,2700000,'2020-06-18 03:40:39','2018-04-01 11:00:00','vuvanvo',NULL),(30,8,'Quầy bar','20/06/2020','2020-06-20 12:00:00',0,1,500000,'2020-06-18 03:41:02','2018-04-01 11:00:00','vuvanvo',NULL),(31,6,'Vận chuyển quầy, tủ đông, ghế','19/06/2020','2020-06-19 12:00:00',0,3,150000,'2020-06-18 20:16:11','2018-04-01 11:00:00','namthang',NULL),(32,8,'Đèn trang trí các loại','20/06/2020','2020-06-20 12:00:00',0,1,2770000,'2020-06-19 22:00:07','2018-04-01 11:00:00','namthang',NULL),(33,8,'Loa máy tính','20/06/2020','2020-06-20 12:00:00',0,1,500000,'2020-06-19 22:00:47','2018-04-01 11:00:00','namthang',NULL),(34,8,'Dây loa (50m)','20/06/2020','2020-06-20 12:00:00',0,1,120000,'2020-06-19 22:01:14','2018-04-01 11:00:00','namthang',NULL),(35,8,'Dây điện đen','20/06/2020','2020-06-20 12:00:00',0,1,110000,'2020-06-19 22:01:32','2018-04-01 11:00:00','namthang',NULL),(36,8,'Cồn, dây cắt đèn chai','20/06/2020','2020-06-20 12:00:00',0,1,20000,'2020-06-19 22:02:02','2018-04-01 11:00:00','namthang',NULL),(37,10,'Sấu (4kg)','20/06/2020','2020-06-20 12:00:00',0,2,100000,'2020-06-21 15:29:46','2018-04-01 11:00:00','namthang',NULL),(38,10,'Đường (4 gói)','20/06/2020','2020-06-20 12:00:00',0,2,60000,'2020-06-21 15:30:06','2018-04-01 11:00:00','namthang',NULL),(39,10,'Xịt kính + đinh vít','20/06/2020','2020-06-20 12:00:00',0,2,40000,'2020-06-21 15:30:25','2018-04-01 11:00:00','namthang',NULL),(40,8,'Sơn xịt (trắng)','20/06/2020','2020-06-20 12:00:00',0,1,30000,'2020-06-21 15:31:36','2018-04-01 11:00:00','namthang',NULL),(41,8,'Bàn coffee (10c)','21/06/2020','2020-06-21 12:00:00',0,1,2900000,'2020-06-21 15:32:10','2018-04-01 11:00:00','namthang',NULL),(42,8,'Quạt trần (3c)','21/06/2020','2020-06-21 12:00:00',0,1,1650000,'2020-06-21 15:32:30','2018-04-01 11:00:00','namthang',NULL),(43,8,'Ống gen đi dây điện (10c)','21/06/2020','2020-06-21 12:00:00',0,1,120000,'2020-06-21 15:32:53','2018-04-01 11:00:00','namthang',NULL),(44,8,'Camera dahua','21/06/2020','2020-06-21 12:00:00',0,1,2500000,'2020-06-21 15:33:21','2018-04-01 11:00:00','namthang',NULL),(45,8,'Ổ cắm lioa 10 chân (shopee)','21/06/2020','2020-06-21 12:00:00',0,1,90000,'2020-06-21 15:33:38','2018-04-01 11:00:00','namthang',NULL),(46,8,'Băng dính 3m','21/06/2020','2020-06-21 12:00:00',0,3,20000,'2020-06-21 15:34:00','2018-04-01 11:00:00','namthang',NULL),(47,8,'Lắp điều hòa','21/06/2020','2020-06-21 12:00:00',0,1,9050000,'2020-06-21 15:34:16','2018-04-01 11:00:00','namthang',NULL),(48,8,'Ống gen + băng dính 3M','22/06/2020','2020-06-22 12:00:00',0,2,200000,'2020-06-23 09:04:35','2020-06-22 10:24:51','namthang',NULL),(49,8,'Lốp xe làm bàn 10c','22/06/2020','2020-06-22 12:00:00',0,1,200000,'2020-06-23 09:04:58','2018-04-01 11:00:00','namthang',NULL),(50,8,'Mua fanpage facebook','22/06/2020','2020-06-22 12:00:00',0,1,550000,'2020-06-23 09:05:12','2018-04-01 11:00:00','namthang',NULL),(51,8,'Máy bào đá','24/06/2020','2020-06-24 12:00:00',0,1,450000,'2020-06-24 23:58:44','2018-04-01 11:00:00','namthang',NULL),(52,8,'Ghế bar, cốc các loại (Định Công)','24/06/2020','2020-06-24 12:00:00',0,1,2100000,'2020-06-24 23:59:15','2018-04-01 11:00:00','namthang',NULL),(53,8,'Sơn xịt','23/06/2020','2020-06-23 12:00:00',0,2,75000,'2020-06-24 23:59:59','2018-04-01 11:00:00','namthang',NULL),(54,8,'Bàn bệt 40x60 6c','24/06/2020','2020-06-24 12:00:00',0,1,1750000,'2020-06-25 00:00:34','2018-04-01 11:00:00','namthang',NULL),(55,8,'Sơn + chổi sơn','24/06/2020','2020-06-24 12:00:00',0,2,120000,'2020-06-25 00:00:56','2018-04-01 11:00:00','namthang',NULL),(56,8,'Đèn hắt 10c: 700k, Đèn chai 20c: 300k','25/06/2020','2020-06-25 12:00:00',0,1,1000000,'2020-06-25 00:01:30','2018-04-01 11:00:00','namthang',NULL),(57,8,'Mặt bàn lốp 5c (130k x1 + 150k x4)','26/06/2020','2020-06-26 12:00:00',0,1,730000,'2020-06-28 17:44:31','2018-04-01 11:00:00','namthang',NULL),(58,8,'Dây thít đen dài (bó 100c)','27/06/2020','2020-06-27 12:00:00',0,1,50000,'2020-06-28 17:44:59','2018-04-01 11:00:00','namthang',NULL),(59,8,'Đui đèn 10c','27/06/2020','2020-06-27 12:00:00',0,1,40000,'2020-06-28 17:45:12','2018-04-01 11:00:00','namthang',NULL),(60,8,'Dây điện đen (22m) + 3 công tắc giật dây','27/06/2020','2020-06-27 12:00:00',0,1,220000,'2020-06-28 17:45:40','2018-04-01 11:00:00','namthang',NULL),(61,8,'Ống gen (2c)','27/06/2020','2020-06-27 12:00:00',0,1,50000,'2020-06-28 17:45:57','2018-04-01 11:00:00','namthang',NULL),(62,8,'Sơn','27/06/2020','2020-06-27 12:00:00',0,2,30000,'2020-06-28 17:46:29','2018-04-01 11:00:00','namthang',NULL),(63,10,'Vải (7kg)','27/06/2020','2020-06-27 12:00:00',0,2,175000,'2020-06-28 17:46:44','2018-04-01 11:00:00','namthang',NULL),(64,8,'Đui đèn','29/06/2020','2020-06-29 12:00:00',0,2,32000,'2020-06-28 22:01:17','2018-04-01 11:00:00','namthang',NULL),(65,8,'Rèm điều hòa','29/06/2020','2020-06-29 12:00:00',0,1,630000,'2020-06-28 22:01:34','2018-04-01 11:00:00','namthang',NULL),(66,8,'Tiền biển cửa hàng','29/06/2020','2020-06-29 12:00:00',0,1,1700000,'2020-06-29 01:46:21','2018-04-01 11:00:00','namthang',NULL),(67,10,'Trà bạc hà x5 + Trà dâu x5','29/06/2020','2020-06-29 12:00:00',0,1,264000,'2020-06-29 01:47:07','2018-04-01 11:00:00','namthang',NULL),(68,10,'Trà nhài x5 + trà đào x5 + ship 16k','29/06/2020','2020-06-29 12:00:00',0,1,270000,'2020-06-29 01:47:29','2018-04-01 11:00:00','namthang',NULL),(69,10,'Hồng trà x5','29/06/2020','2020-06-29 12:00:00',0,1,150000,'2020-06-29 01:47:45','2018-04-01 11:00:00','namthang',NULL),(70,8,'Cân tiêu ly 5kg','29/06/2020','2020-06-29 12:00:00',0,1,55000,'2020-06-29 01:48:46','2018-04-01 11:00:00','namthang',NULL),(71,8,'ống hút giấy 500 (fi6) + 500(fi12) = 50k+70k','29/06/2020','2020-06-29 12:00:00',0,1,120000,'2020-06-29 22:53:19','2018-04-01 11:00:00','namthang',NULL),(72,10,'Khô bò, lợn, gà','30/06/2020','2020-06-30 12:00:00',0,2,500000,'2020-06-29 22:53:49','2018-04-01 11:00:00','namthang',NULL),(73,8,'Vòi rót pha chế x6','30/06/2020','2020-06-30 12:00:00',0,2,90000,'2020-06-29 22:54:08','2018-04-01 11:00:00','namthang',NULL),(74,8,'Cây giả, sỏi','30/06/2020','2020-06-30 12:00:00',0,2,180000,'2020-06-29 22:54:21','2018-04-01 11:00:00','namthang',NULL),(75,8,'Đui đèn, dây gai, cọ cốc, khăn lau, túi zip=17+50+30+20+30','30/06/2020','2020-06-30 12:00:00',0,2,147000,'2020-06-29 22:55:17','2018-04-01 11:00:00','namthang',NULL),(76,10,'Kem base+rich (mỗi loại 2)','30/06/2020','2020-06-30 12:00:00',0,2,210000,'2020-06-30 21:33:32','2018-04-01 11:00:00','namthang',NULL),(77,8,'Tờ rơi 1000c + tem dán cốc 2m2 + ship','30/06/2020','2020-06-30 12:00:00',0,1,1330000,'2020-06-30 21:34:19','2018-04-01 11:00:00','namthang',NULL),(78,8,'Cát + xi lát nền','01/07/2020','2020-07-01 12:00:00',0,1,670000,'2020-06-30 21:34:52','2018-04-01 11:00:00','namthang',NULL),(79,8,'Cốc giấy 1000c + ship','02/07/2020','2020-07-02 12:00:00',0,1,1130000,'2020-07-02 15:13:29','2018-04-01 11:00:00','namthang',NULL),(80,8,'Máy in bill','02/07/2020','2020-07-02 12:00:00',0,1,439000,'2020-07-02 15:13:48','2018-04-01 11:00:00','namthang',NULL),(81,8,'Võ mua trong file excel','04/07/2020','2020-07-04 12:00:00',0,3,749000,'2020-07-14 05:34:05','2018-04-01 11:00:00','namthang',NULL),(82,8,'Luyện bổ sung trong file excel','13/07/2020','2020-07-13 12:00:00',0,2,9698000,'2020-07-14 05:36:42','2018-04-01 11:00:00','namthang',NULL),(83,8,'Bình nước x2, bao gồm cọc vỏ','05/07/2020','2020-07-05 12:00:00',0,1,100000,'2020-07-14 05:38:47','2018-04-01 11:00:00','namthang',NULL),(84,8,'Sửa khoá + 2 bình nước','12/07/2020','2020-07-12 12:00:00',0,3,90000,'2020-07-14 05:39:14','2018-04-01 11:00:00','namthang',NULL),(85,8,'Tiền công làm bồn rửa, móc đèn .... (bố Thắng)','14/07/2020','2020-07-14 12:00:00',0,1,7000000,'2020-07-14 05:40:22','2018-04-01 11:00:00','namthang',NULL),(86,8,'Đồ thờ','04/07/2020','2020-07-04 12:00:00',0,1,905000,'2020-07-14 05:41:15','2018-04-01 11:00:00','namthang',NULL),(87,8,'Tủ để đồ điện t2, ổ cắm 6 chân','04/07/2020','2020-07-04 12:00:00',0,1,370000,'2020-07-14 05:42:11','2018-04-01 11:00:00','namthang',NULL),(88,8,'Tiền đồ cúng khai trương, ép bàn cờ, in menu, 3 bộ cờ vua nhựa','04/07/2020','2020-07-04 12:00:00',0,1,470000,'2020-07-14 05:43:55','2018-04-01 11:00:00','namthang',NULL),(89,3,'Tiền net 6 tháng','11/07/2020','2020-07-11 12:00:00',0,1,1380000,'2020-07-14 05:44:51','2018-04-01 11:00:00','namthang',NULL),(90,8,'Thảm chống trơn','11/07/2020','2020-07-11 12:00:00',0,1,455000,'2020-07-14 05:45:18','2018-04-01 11:00:00','namthang',NULL),(91,8,'Hợp đồng now','14/07/2020','2020-07-14 12:00:00',0,1,1000000,'2020-07-14 05:46:06','2018-04-01 11:00:00','namthang',NULL),(92,6,'Chạy quảng cáo facebook','16/07/2020','2020-07-16 12:00:00',0,1,408000,'2020-07-16 15:29:10','2018-04-01 11:00:00','namthang',NULL),(93,8,'Rèm tầng 2','19/07/2020','2020-07-19 12:00:00',0,1,460000,'2020-07-20 11:18:26','2018-04-01 11:00:00','namthang',NULL),(94,10,'Kem topping','23/07/2020','2020-07-23 12:00:00',0,1,46000,'2020-07-27 09:13:56','2018-04-01 11:00:00','namthang',NULL),(95,8,'Bọc chân ghế 60c','23/07/2020','2020-07-23 12:00:00',0,1,90000,'2020-07-27 09:14:18','2018-04-01 11:00:00','namthang',NULL),(96,8,'Cốc 350ml + bát mỳ','26/07/2020','2020-07-26 12:00:00',0,1,653000,'2020-07-27 09:14:48','2018-04-01 11:00:00','namthang',NULL),(97,1,'Điện t6+7: 546 số','27/07/2020','2020-07-27 12:00:00',0,1,1911000,'2020-07-27 09:56:41','2018-04-01 11:00:00','namthang',NULL),(98,2,'Nước t6+7','27/07/2020','2020-07-27 12:00:00',0,1,50000,'2020-07-27 09:56:57','2018-04-01 11:00:00','namthang',NULL),(99,8,'card+ hợp đồng grap','24/07/2020','2020-07-24 12:00:00',0,3,95000,'2020-07-31 21:21:16','2018-04-01 11:00:00','vuvanvo',NULL),(100,8,'Hoa giả, đồ trang trí','27/07/2020','2020-07-27 12:00:00',0,1,508000,'2020-07-31 21:34:22','2018-04-01 11:00:00','namthang',NULL),(101,8,'Tem dán cốc','31/07/2020','2020-07-31 12:00:00',0,1,56000,'2020-07-31 21:34:59','2018-04-01 11:00:00','namthang',NULL),(102,8,'Hoa, giò lễ, quả lễ','04/08/2020','2020-08-04 12:00:00',0,1,60000,'2020-08-04 11:16:39','2018-04-01 11:00:00','namthang',NULL),(103,10,'Rich, kem base nhỏ x1','07/08/2020','2020-08-07 12:00:00',0,1,73000,'2020-08-11 08:58:10','2018-04-01 11:00:00','namthang',NULL),(104,6,'Mua vip group cư dân Việt hưng','10/08/2020','2020-08-10 12:00:00',0,1,100000,'2020-08-11 08:58:32','2018-04-01 11:00:00','namthang',NULL),(105,6,'Chạy quảng cáo đồ uống','15/08/2020','2020-08-15 12:00:00',0,1,100000,'2020-09-03 16:20:19','2018-04-01 11:00:00','namthang',NULL),(106,6,'Vàng mã, đồ cúng 1/7','19/08/2020','2020-08-19 12:00:00',0,1,50000,'2020-09-03 16:20:53','2018-04-01 11:00:00','namthang',NULL),(107,4,'Lương nhân viên','28/08/2020','2020-08-28 12:00:00',0,1,1417000,'2020-09-03 16:21:26','2018-04-01 11:00:00','namthang',NULL),(108,6,'Đồ cúng rằm t7','01/09/2020','2020-09-01 12:00:00',0,1,97000,'2020-09-03 16:21:45','2018-04-01 11:00:00','namthang',NULL);
/*!40000 ALTER TABLE `dbo_expense` ENABLE KEYS */;
UNLOCK TABLES;

--
-- Table structure for table `dbo_group`
--

DROP TABLE IF EXISTS `dbo_group`;
/*!40101 SET @saved_cs_client     = @@character_set_client */;
/*!40101 SET character_set_client = utf8 */;
CREATE TABLE `dbo_group` (
  `id` int(20) unsigned NOT NULL AUTO_INCREMENT,
  `name` varchar(255) NOT NULL,
  `code` varchar(50) NOT NULL,
  `status` tinyint(1) NOT NULL DEFAULT 1,
  `created_at` datetime DEFAULT NULL,
  PRIMARY KEY (`id`)
) ENGINE=InnoDB AUTO_INCREMENT=6 DEFAULT CHARSET=utf8;
/*!40101 SET character_set_client = @saved_cs_client */;

--
-- Dumping data for table `dbo_group`
--

LOCK TABLES `dbo_group` WRITE;
/*!40000 ALTER TABLE `dbo_group` DISABLE KEYS */;
INSERT INTO `dbo_group` VALUES (1,'Admin','admin',1,'2020-06-11 10:21:50'),(2,'Pha chế','bartender',1,'2020-06-11 10:22:23'),(3,'Kỹ thuật','tech',1,'2020-06-11 10:22:48'),(4,'Bảo vệ','security',1,'2020-06-11 13:17:43'),(5,'Nội dung','content',1,'2020-07-22 10:20:04');
/*!40000 ALTER TABLE `dbo_group` ENABLE KEYS */;
UNLOCK TABLES;

--
-- Table structure for table `dbo_income`
--

DROP TABLE IF EXISTS `dbo_income`;
/*!40101 SET @saved_cs_client     = @@character_set_client */;
/*!40101 SET character_set_client = utf8 */;
CREATE TABLE `dbo_income` (
  `id` int(20) unsigned NOT NULL AUTO_INCREMENT,
  `config_id` int(20) unsigned DEFAULT NULL,
  `note` varchar(1000) DEFAULT NULL,
  `date_string` varchar(20) DEFAULT NULL,
  `date_original` datetime DEFAULT NULL,
  `amount` bigint(20) DEFAULT NULL,
  `created_at` datetime(6) DEFAULT NULL,
  `updated_at` timestamp NULL DEFAULT '2018-04-01 11:00:00' ON UPDATE current_timestamp(),
  `created_user` varchar(50) DEFAULT NULL,
  `updated_user` varchar(50) DEFAULT NULL,
  PRIMARY KEY (`id`)
) ENGINE=InnoDB AUTO_INCREMENT=42 DEFAULT CHARSET=utf8;
/*!40101 SET character_set_client = @saved_cs_client */;

--
-- Dumping data for table `dbo_income`
--

LOCK TABLES `dbo_income` WRITE;
/*!40000 ALTER TABLE `dbo_income` DISABLE KEYS */;
INSERT INTO `dbo_income` VALUES (1,5,'Tổng hợp doanh thu cuối ngày tự động','15/07/2020','2020-07-15 23:00:00',190000,'2020-07-16 16:35:57.000000','2020-07-16 09:36:11','namthang','namthang'),(2,5,'Tổng hợp doanh thu cuối ngày tự động','14/07/2020','2020-07-14 23:00:00',150000,'2020-07-16 16:47:43.000000','2018-04-01 11:00:00','namthang',NULL),(3,5,'Tổng hợp doanh thu cuối ngày tự động','16/07/2020','2020-07-16 23:00:00',110000,'2020-07-16 22:20:09.000000','2018-04-01 11:00:00','vuvanvo',NULL),(4,5,'Tổng hợp doanh thu cuối ngày tự động','17/07/2020','2020-07-17 23:00:00',315000,'2020-07-17 22:43:25.000000','2018-04-01 11:00:00','namthang',NULL),(5,5,'Tổng hợp doanh thu cuối ngày tự động','18/07/2020','2020-07-18 23:00:00',125000,'2020-07-18 23:04:42.000000','2018-04-01 11:00:00','namthang',NULL),(6,5,'Tổng hợp doanh thu cuối ngày tự động','21/07/2020','2020-07-21 23:00:00',165000,'2020-07-21 22:31:03.000000','2018-04-01 11:00:00','vuvanvo',NULL),(7,5,'Tổng hợp doanh thu cuối ngày tự động','19/07/2020','2020-07-19 23:00:00',145000,'2020-07-21 22:31:37.000000','2018-04-01 11:00:00','vuvanvo',NULL),(8,5,'Tổng hợp doanh thu cuối ngày tự động','20/07/2020','2020-07-20 23:00:00',20000,'2020-07-21 22:32:01.000000','2018-04-01 11:00:00','vuvanvo',NULL),(9,5,'Tổng hợp doanh thu cuối ngày tự động','22/07/2020','2020-07-22 23:00:00',30000,'2020-07-22 22:21:01.000000','2018-04-01 11:00:00','vuvanvo',NULL),(10,5,'Tổng hợp doanh thu cuối ngày tự động','25/07/2020','2020-07-25 23:00:00',10000,'2020-07-31 21:12:04.000000','2018-04-01 11:00:00','namthang',NULL),(11,5,'Tổng hợp doanh thu cuối ngày tự động','26/07/2020','2020-07-26 23:00:00',120000,'2020-07-31 21:13:17.000000','2018-04-01 11:00:00','namthang',NULL),(12,5,'Tổng hợp doanh thu cuối ngày tự động','27/07/2020','2020-07-27 23:00:00',200000,'2020-07-31 21:13:37.000000','2018-04-01 11:00:00','namthang',NULL),(13,5,'Tổng hợp doanh thu cuối ngày tự động','29/07/2020','2020-07-29 23:00:00',25000,'2020-07-31 21:14:11.000000','2018-04-01 11:00:00','namthang',NULL),(14,5,'Tổng hợp doanh thu cuối ngày tự động','30/07/2020','2020-07-30 23:00:00',25000,'2020-07-31 21:14:32.000000','2018-04-01 11:00:00','namthang',NULL),(15,5,'Tổng hợp doanh thu cuối ngày tự động','31/07/2020','2020-07-31 23:00:00',40000,'2020-07-31 21:15:09.000000','2018-04-01 11:00:00','namthang',NULL),(16,5,'Tổng hợp doanh thu cuối ngày tự động','03/08/2020','2020-08-03 23:00:00',110000,'2020-08-03 22:34:27.000000','2020-08-04 13:44:12','vuvanvo','vuvanvo'),(17,5,'Tổng hợp doanh thu cuối ngày tự động','01/08/2020','2020-08-01 23:00:00',60000,'2020-08-04 20:43:53.000000','2020-08-30 13:35:04','vuvanvo','vuvanvo'),(18,5,'Tổng hợp doanh thu cuối ngày tự động','02/08/2020','2020-08-02 23:00:00',20000,'2020-08-04 20:44:01.000000','2020-08-30 13:35:13','vuvanvo','vuvanvo'),(19,5,'Tổng hợp doanh thu cuối ngày tự động','05/08/2020','2020-08-05 23:00:00',130000,'2020-08-05 22:36:24.000000','2020-08-30 13:35:37','vuvanvo','vuvanvo'),(20,5,'Tổng hợp doanh thu cuối ngày tự động','07/08/2020','2020-08-07 23:00:00',185000,'2020-08-07 22:38:27.000000','2020-08-30 13:36:09','vuvanvo','vuvanvo'),(21,5,'Tổng hợp doanh thu cuối ngày tự động','12/08/2020','2020-08-12 23:00:00',20000,'2020-08-12 22:20:57.000000','2020-08-30 13:36:57','vuvanvo','vuvanvo'),(22,5,'Tổng hợp doanh thu cuối ngày tự động','14/08/2020','2020-08-14 23:00:00',20000,'2020-08-14 22:19:17.000000','2020-08-30 13:37:17','vuvanvo','vuvanvo'),(23,5,'Tổng hợp doanh thu cuối ngày tự động','15/08/2020','2020-08-15 23:00:00',85000,'2020-08-15 22:42:44.000000','2020-08-15 15:43:45','vuvanvo','vuvanvo'),(24,5,'Tổng hợp doanh thu cuối ngày tự động','16/08/2020','2020-08-16 23:00:00',35000,'2020-08-16 23:12:05.000000','2020-08-30 13:37:33','vuvanvo','vuvanvo'),(25,5,'Tổng hợp doanh thu cuối ngày tự động','21/08/2020','2020-08-21 23:00:00',55000,'2020-08-21 23:09:54.000000','2020-08-30 13:38:25','vuvanvo','vuvanvo'),(26,5,'Tổng hợp doanh thu cuối ngày tự động','28/08/2020','2020-08-28 23:00:00',185000,'2020-08-28 21:32:56.000000','2020-08-28 14:33:00','vuvanvo','vuvanvo'),(27,5,'Tổng hợp doanh thu cuối ngày tự động','30/08/2020','2020-08-30 23:00:00',20000,'2020-08-30 20:34:32.000000','2020-08-30 13:39:59','vuvanvo','vuvanvo'),(28,5,'Tổng hợp doanh thu cuối ngày tự động','06/08/2020','2020-08-06 23:00:00',90000,'2020-08-30 20:35:52.000000','2018-04-01 11:00:00','vuvanvo',NULL),(29,5,'Tổng hợp doanh thu cuối ngày tự động','08/08/2020','2020-08-08 23:00:00',165000,'2020-08-30 20:36:20.000000','2018-04-01 11:00:00','vuvanvo',NULL),(30,5,'Tổng hợp doanh thu cuối ngày tự động','20/08/2020','2020-08-20 23:00:00',95000,'2020-08-30 20:38:07.000000','2018-04-01 11:00:00','vuvanvo',NULL),(31,5,'Tổng hợp doanh thu cuối ngày tự động','24/08/2020','2020-08-24 23:00:00',80000,'2020-08-30 20:38:56.000000','2018-04-01 11:00:00','vuvanvo',NULL),(32,5,'Tổng hợp doanh thu cuối ngày tự động','26/08/2020','2020-08-26 23:00:00',35000,'2020-08-30 20:39:23.000000','2018-04-01 11:00:00','vuvanvo',NULL),(33,5,'Tổng hợp doanh thu cuối ngày tự động','27/08/2020','2020-08-27 23:00:00',95050,'2020-08-30 20:39:33.000000','2018-04-01 11:00:00','vuvanvo',NULL),(34,5,'Tổng hợp doanh thu cuối ngày tự động','02/09/2020','2020-09-02 23:00:00',100000,'2020-09-02 22:28:01.000000','2020-09-18 09:33:42','vuvanvo','namthang'),(35,5,'Tổng hợp doanh thu cuối ngày tự động','07/09/2020','2020-09-07 23:00:00',70500,'2020-09-07 22:00:40.000000','2018-04-01 11:00:00','vuvanvo',NULL),(41,5,'Tổng hợp doanh thu cuối ngày tự động','03/09/2020','2020-09-03 23:00:00',140000,'2020-09-22 11:47:46.000000','2018-04-01 11:00:00','namthang',NULL);
/*!40000 ALTER TABLE `dbo_income` ENABLE KEYS */;
UNLOCK TABLES;

--
-- Table structure for table `dbo_log`
--

DROP TABLE IF EXISTS `dbo_log`;
/*!40101 SET @saved_cs_client     = @@character_set_client */;
/*!40101 SET character_set_client = utf8 */;
CREATE TABLE `dbo_log` (
  `id` bigint(20) unsigned NOT NULL AUTO_INCREMENT,
  `actor` varchar(50) NOT NULL,
  `description` varchar(3000) NOT NULL,
  `old_data` varchar(5000) DEFAULT NULL,
  `new_data` varchar(5000) DEFAULT NULL,
  `created_at` timestamp(6) NULL DEFAULT '2018-04-01 11:00:00.000000' ON UPDATE current_timestamp(6),
  PRIMARY KEY (`id`)
) ENGINE=InnoDB AUTO_INCREMENT=208 DEFAULT CHARSET=utf8;
/*!40101 SET character_set_client = @saved_cs_client */;

--
-- Dumping data for table `dbo_log`
--

LOCK TABLES `dbo_log` WRITE;
/*!40000 ALTER TABLE `dbo_log` DISABLE KEYS */;
INSERT INTO `dbo_log` VALUES (1,'namthang','Sửa khoản chi','{\"id\":3,\"config_id\":9,\"note\":\"Thu\\u00ea m\\u1eb7t b\\u1eb1ng 6 th\\u00e1ng\",\"date_string\":\"10\\/06\\/2020\",\"date_original\":\"2020-06-10 00:00:00\",\"user_id\":1,\"amount\":27200000,\"created_at\":\"2020-06-17 19:05:48\",\"updated_at\":\"2020-06-17 14:10:58\",\"created_user\":\"namthang\",\"updated_user\":null}','{\"id\":3,\"config_id\":9,\"note\":\"Thu\\u00ea m\\u1eb7t b\\u1eb1ng 6 th\\u00e1ng th\\u1eed log sua\",\"date_string\":\"10\\/06\\/2020\",\"date_original\":\"2020-06-10 12:00:00\",\"user_id\":1,\"amount\":27200000,\"created_at\":\"2020-06-17 19:05:48\",\"updated_at\":\"2020-06-17 15:38:07\",\"created_user\":\"namthang\",\"updated_user\":\"namthang\"}','2018-04-01 11:00:00.000000'),(2,'namthang','Sửa khoản chi','{\"id\":3,\"config_id\":9,\"note\":\"Thu\\u00ea m\\u1eb7t b\\u1eb1ng 6 th\\u00e1ng th\\u1eed log sua\",\"date_string\":\"10\\/06\\/2020\",\"date_original\":\"2020-06-10 12:00:00\",\"user_id\":1,\"amount\":27200000,\"created_at\":\"2020-06-17 19:05:48\",\"updated_at\":\"2020-06-17 15:38:07\",\"created_user\":\"namthang\",\"updated_user\":\"namthang\"}','{\"id\":3,\"config_id\":1,\"note\":\"Thu\\u00ea m\\u1eb7t b\\u1eb1ng 6 th\\u00e1ng\",\"date_string\":\"10\\/06\\/2020\",\"date_original\":\"2020-06-10 12:00:00\",\"user_id\":1,\"amount\":27200000,\"created_at\":\"2020-06-17 19:05:48\",\"updated_at\":\"2020-06-17 15:38:42\",\"created_user\":\"namthang\",\"updated_user\":\"namthang\"}','2018-04-01 11:00:00.000000'),(3,'namthang','Sửa khoản chi','{\"id\":3,\"config_id\":1,\"note\":\"Thu\\u00ea m\\u1eb7t b\\u1eb1ng 6 th\\u00e1ng\",\"date_string\":\"10\\/06\\/2020\",\"date_original\":\"2020-06-10 12:00:00\",\"user_id\":1,\"amount\":27200000,\"created_at\":\"2020-06-17 19:05:48\",\"updated_at\":\"2020-06-17 15:38:42\",\"created_user\":\"namthang\",\"updated_user\":\"namthang\"}','{\"id\":3,\"config_id\":9,\"note\":\"Thu\\u00ea m\\u1eb7t b\\u1eb1ng 6 th\\u00e1ng\",\"date_string\":\"10\\/06\\/2020\",\"date_original\":\"2020-06-10 12:00:00\",\"user_id\":1,\"amount\":27200000,\"created_at\":\"2020-06-17 19:05:48\",\"updated_at\":\"2020-06-17 15:39:00\",\"created_user\":\"namthang\",\"updated_user\":\"namthang\"}','2018-04-01 11:00:00.000000'),(4,'vuvanvo','Tạo mới khoản chi','id khoản chi: 28',NULL,'2018-04-01 11:00:00.000000'),(5,'vuvanvo','Tạo mới khoản chi','id khoản chi: 29',NULL,'2018-04-01 11:00:00.000000'),(6,'vuvanvo','Tạo mới khoản chi','id khoản chi: 30',NULL,'2018-04-01 11:00:00.000000'),(7,'namthang','Tạo mới khoản chi','id khoản chi: 31',NULL,'2018-04-01 11:00:00.000000'),(8,'namthang','Tạo mới khoản chi','id khoản chi: 32',NULL,'2018-04-01 11:00:00.000000'),(9,'namthang','Tạo mới khoản chi','id khoản chi: 33',NULL,'2018-04-01 11:00:00.000000'),(10,'namthang','Tạo mới khoản chi','id khoản chi: 34',NULL,'2018-04-01 11:00:00.000000'),(11,'namthang','Tạo mới khoản chi','id khoản chi: 35',NULL,'2018-04-01 11:00:00.000000'),(12,'namthang','Tạo mới khoản chi','id khoản chi: 36',NULL,'2018-04-01 11:00:00.000000'),(13,'namthang','Tạo mới khoản chi','id khoản chi: 37',NULL,'2018-04-01 11:00:00.000000'),(14,'namthang','Tạo mới khoản chi','id khoản chi: 38',NULL,'2018-04-01 11:00:00.000000'),(15,'namthang','Tạo mới khoản chi','id khoản chi: 39',NULL,'2018-04-01 11:00:00.000000'),(16,'namthang','Tạo mới khoản chi','id khoản chi: 40',NULL,'2018-04-01 11:00:00.000000'),(17,'namthang','Tạo mới khoản chi','id khoản chi: 41',NULL,'2018-04-01 11:00:00.000000'),(18,'namthang','Tạo mới khoản chi','id khoản chi: 42',NULL,'2018-04-01 11:00:00.000000'),(19,'namthang','Tạo mới khoản chi','id khoản chi: 43',NULL,'2018-04-01 11:00:00.000000'),(20,'namthang','Tạo mới khoản chi','id khoản chi: 44',NULL,'2018-04-01 11:00:00.000000'),(21,'namthang','Tạo mới khoản chi','id khoản chi: 45',NULL,'2018-04-01 11:00:00.000000'),(22,'namthang','Tạo mới khoản chi','id khoản chi: 46',NULL,'2018-04-01 11:00:00.000000'),(23,'namthang','Tạo mới khoản chi','id khoản chi: 47',NULL,'2018-04-01 11:00:00.000000'),(24,'namthang','Tạo mới khoản chi','id khoản chi: 48',NULL,'2018-04-01 11:00:00.000000'),(25,'namthang','Tạo mới khoản chi','id khoản chi: 49',NULL,'2018-04-01 11:00:00.000000'),(26,'namthang','Tạo mới khoản chi','id khoản chi: 50',NULL,'2018-04-01 11:00:00.000000'),(27,'namthang','Tạo mới khoản chi','id khoản chi: 51',NULL,'2018-04-01 11:00:00.000000'),(28,'namthang','Tạo mới khoản chi','id khoản chi: 52',NULL,'2018-04-01 11:00:00.000000'),(29,'namthang','Tạo mới khoản chi','id khoản chi: 53',NULL,'2018-04-01 11:00:00.000000'),(30,'namthang','Tạo mới khoản chi','id khoản chi: 54',NULL,'2018-04-01 11:00:00.000000'),(31,'namthang','Tạo mới khoản chi','id khoản chi: 55',NULL,'2018-04-01 11:00:00.000000'),(32,'namthang','Tạo mới khoản chi','id khoản chi: 56',NULL,'2018-04-01 11:00:00.000000'),(33,'namthang','Tạo mới khoản chi','id khoản chi: 57',NULL,'2018-04-01 11:00:00.000000'),(34,'namthang','Tạo mới khoản chi','id khoản chi: 58',NULL,'2018-04-01 11:00:00.000000'),(35,'namthang','Tạo mới khoản chi','id khoản chi: 59',NULL,'2018-04-01 11:00:00.000000'),(36,'namthang','Tạo mới khoản chi','id khoản chi: 60',NULL,'2018-04-01 11:00:00.000000'),(37,'namthang','Tạo mới khoản chi','id khoản chi: 61',NULL,'2018-04-01 11:00:00.000000'),(38,'namthang','Tạo mới khoản chi','id khoản chi: 62',NULL,'2018-04-01 11:00:00.000000'),(39,'namthang','Tạo mới khoản chi','id khoản chi: 63',NULL,'2018-04-01 11:00:00.000000'),(40,'namthang','Tạo mới khoản chi','id khoản chi: 64',NULL,'2018-04-01 11:00:00.000000'),(41,'namthang','Tạo mới khoản chi','id khoản chi: 65',NULL,'2018-04-01 11:00:00.000000'),(42,'namthang','Tạo mới khoản chi','id khoản chi: 66',NULL,'2018-04-01 11:00:00.000000'),(43,'namthang','Tạo mới khoản chi','id khoản chi: 67',NULL,'2018-04-01 11:00:00.000000'),(44,'namthang','Tạo mới khoản chi','id khoản chi: 68',NULL,'2018-04-01 11:00:00.000000'),(45,'namthang','Tạo mới khoản chi','id khoản chi: 69',NULL,'2018-04-01 11:00:00.000000'),(46,'namthang','Tạo mới khoản chi','id khoản chi: 70',NULL,'2018-04-01 11:00:00.000000'),(47,'namthang','Tạo mới khoản chi','id khoản chi: 71',NULL,'2018-04-01 11:00:00.000000'),(48,'namthang','Tạo mới khoản chi','id khoản chi: 72',NULL,'2018-04-01 11:00:00.000000'),(49,'namthang','Tạo mới khoản chi','id khoản chi: 73',NULL,'2018-04-01 11:00:00.000000'),(50,'namthang','Tạo mới khoản chi','id khoản chi: 74',NULL,'2018-04-01 11:00:00.000000'),(51,'namthang','Tạo mới khoản chi','id khoản chi: 75',NULL,'2018-04-01 11:00:00.000000'),(52,'namthang','Tạo mới khoản chi','id khoản chi: 76',NULL,'2018-04-01 11:00:00.000000'),(53,'namthang','Tạo mới khoản chi','id khoản chi: 77',NULL,'2018-04-01 11:00:00.000000'),(54,'namthang','Tạo mới khoản chi','id khoản chi: 78',NULL,'2018-04-01 11:00:00.000000'),(55,'namthang','Tạo mới khoản chi','id khoản chi: 79',NULL,'2018-04-01 11:00:00.000000'),(56,'namthang','Tạo mới khoản chi','id khoản chi: 80',NULL,'2018-04-01 11:00:00.000000'),(57,'vuvanvo','Sửa đơn hàng: 26','{\"id\":26,\"table\":\"b1\",\"discount_rate\":null,\"discount_vnd\":0,\"grand_amount\":0,\"code\":\"7XA0FP\",\"description\":null,\"order_status\":0,\"creator\":\"vuvanvo\",\"created_at\":\"2020-07-13 00:00:15\",\"updated_at\":\"2020-07-12 18:47:02\"}','{\"id\":26,\"table\":\"b1\",\"discount_rate\":null,\"discount_vnd\":0,\"grand_amount\":10000,\"code\":\"7XA0FP\",\"description\":null,\"order_status\":0,\"creator\":\"vuvanvo\",\"created_at\":\"2020-07-13 00:00:15\",\"updated_at\":\"2020-07-12 19:20:05\"}','2018-04-01 11:00:00.000000'),(58,'vuvanvo','Cập nhật sản phẩm đơn hàng: 26',NULL,'[{\"note\":null,\"order_id\":\"26\",\"product_id\":\"100000\",\"quantity\":\"1\",\"total_amount\":10000}]','2018-04-01 11:00:00.000000'),(59,'vuvanvo','Sửa đơn hàng: 26','{\"id\":26,\"table\":\"b1\",\"discount_rate\":null,\"discount_vnd\":0,\"grand_amount\":10000,\"code\":\"7XA0FP\",\"description\":null,\"order_status\":0,\"creator\":\"vuvanvo\",\"created_at\":\"2020-07-13 00:00:15\",\"updated_at\":\"2020-07-12 19:20:05\"}','{\"id\":26,\"table\":\"b1\",\"discount_rate\":null,\"discount_vnd\":0,\"grand_amount\":30000,\"code\":\"7XA0FP\",\"description\":null,\"order_status\":0,\"creator\":\"vuvanvo\",\"created_at\":\"2020-07-13 00:00:15\",\"updated_at\":\"2020-07-12 19:21:09\"}','2018-04-01 11:00:00.000000'),(60,'vuvanvo','Cập nhật sản phẩm đơn hàng: 26',NULL,'[{\"note\":null,\"order_id\":\"26\",\"product_id\":\"100003\",\"quantity\":\"2\",\"total_amount\":20000}]','2018-04-01 11:00:00.000000'),(61,'vuvanvo','Sửa đơn hàng: 26','{\"id\":26,\"table\":\"b1\",\"discount_rate\":null,\"discount_vnd\":0,\"grand_amount\":30000,\"code\":\"7XA0FP\",\"description\":null,\"order_status\":0,\"creator\":\"vuvanvo\",\"created_at\":\"2020-07-13 00:00:15\",\"updated_at\":\"2020-07-12 19:21:09\"}','{\"id\":26,\"table\":\"b1\",\"discount_rate\":null,\"discount_vnd\":0,\"grand_amount\":80000,\"code\":\"7XA0FP\",\"description\":null,\"order_status\":0,\"creator\":\"vuvanvo\",\"created_at\":\"2020-07-13 00:00:15\",\"updated_at\":\"2020-07-12 19:24:11\"}','2018-04-01 11:00:00.000000'),(62,'vuvanvo','Cập nhật sản phẩm đơn hàng: 26',NULL,'[{\"note\":null,\"order_id\":\"26\",\"product_id\":\"100006\",\"quantity\":\"2\",\"total_amount\":50000}]','2018-04-01 11:00:00.000000'),(63,'vuvanvo','Sửa đơn hàng: 26','{\"id\":26,\"table\":\"b1\",\"discount_rate\":null,\"discount_vnd\":0,\"grand_amount\":80000,\"code\":\"7XA0FP\",\"description\":null,\"order_status\":0,\"creator\":\"vuvanvo\",\"created_at\":\"2020-07-13 00:00:15\",\"updated_at\":\"2020-07-12 19:24:11\"}','{\"id\":26,\"table\":\"b1\",\"discount_rate\":null,\"discount_vnd\":0,\"grand_amount\":120000,\"code\":\"7XA0FP\",\"description\":null,\"order_status\":0,\"creator\":\"vuvanvo\",\"created_at\":\"2020-07-13 00:00:15\",\"updated_at\":\"2020-07-12 19:26:41\"}','2018-04-01 11:00:00.000000'),(64,'vuvanvo','Cập nhật sản phẩm đơn hàng: 26',NULL,'[{\"note\":null,\"order_id\":\"26\",\"product_id\":\"100002\",\"quantity\":\"2\",\"total_amount\":40000}]','2018-04-01 11:00:00.000000'),(65,'vuvanvo','Xóa sản phẩm đơn hàng: 26','{\"order_id\":26,\"product_id\":100003,\"quantity\":2,\"total_amount\":20000,\"note\":null,\"is_deleted\":0,\"deletor\":null,\"delete_reason\":null}',NULL,'2018-04-01 11:00:00.000000'),(66,'vuvanvo','Xóa sản phẩm đơn hàng: 26','{\"order_id\":26,\"product_id\":100000,\"quantity\":1,\"total_amount\":10000,\"note\":null,\"is_deleted\":0,\"deletor\":null,\"delete_reason\":null}',NULL,'2018-04-01 11:00:00.000000'),(67,'vuvanvo','Xóa sản phẩm đơn hàng: 27','{\"order_id\":27,\"product_id\":100018,\"quantity\":1,\"total_amount\":25000,\"note\":null,\"is_deleted\":0,\"deletor\":null,\"delete_reason\":null}',NULL,'2018-04-01 11:00:00.000000'),(68,'vuvanvo','Sửa đơn hàng: 27','{\"id\":27,\"table\":\"b2\",\"discount_rate\":5,\"discount_vnd\":30000,\"grand_amount\":50000,\"code\":\"ZLVHAP\",\"description\":null,\"order_status\":0,\"creator\":\"vuvanvo\",\"created_at\":\"2020-07-13 01:53:38.000000\",\"updated_at\":\"2020-07-12 19:54:16\"}','{\"id\":27,\"table\":\"b2\",\"discount_rate\":5,\"discount_vnd\":30000,\"grand_amount\":65000,\"code\":\"ZLVHAP\",\"description\":null,\"order_status\":0,\"creator\":\"vuvanvo\",\"created_at\":\"2020-07-13 01:53:38.000000\",\"updated_at\":\"2020-07-12 20:00:21\"}','2018-04-01 11:00:00.000000'),(69,'vuvanvo','Cập nhật sản phẩm đơn hàng: 27',NULL,'[{\"note\":null,\"order_id\":\"27\",\"product_id\":\"100003\",\"quantity\":\"2\",\"total_amount\":20000}]','2018-04-01 11:00:00.000000'),(70,'vuvanvo','Xóa sản phẩm đơn hàng: 27','{\"order_id\":27,\"product_id\":100003,\"quantity\":2,\"total_amount\":20000,\"note\":null,\"is_deleted\":0,\"deletor\":null,\"delete_reason\":null}',NULL,'2018-04-01 11:00:00.000000'),(71,'vuvanvo','Sửa đơn hàng: 27','{\"id\":27,\"table\":\"b2\",\"discount_rate\":5,\"discount_vnd\":30000,\"grand_amount\":50000,\"code\":\"ZLVHAP\",\"description\":null,\"order_status\":0,\"creator\":\"vuvanvo\",\"created_at\":\"2020-07-13 01:53:38\",\"updated_at\":\"2020-07-12 20:02:15\"}','{\"id\":27,\"table\":\"b2\",\"discount_rate\":5,\"discount_vnd\":30000,\"grand_amount\":66500,\"code\":\"ZLVHAP\",\"description\":null,\"order_status\":0,\"creator\":\"vuvanvo\",\"created_at\":\"2020-07-13 01:53:38\",\"updated_at\":\"2020-07-12 20:04:48\"}','2018-04-01 11:00:00.000000'),(72,'vuvanvo','Cập nhật sản phẩm đơn hàng: 27',NULL,'[{\"note\":null,\"order_id\":\"27\",\"product_id\":\"100001\",\"quantity\":\"2\",\"total_amount\":20000}]','2018-04-01 11:00:00.000000'),(73,'vuvanvo','Xóa sản phẩm đơn hàng: 27','{\"order_id\":27,\"product_id\":100001,\"quantity\":2,\"total_amount\":20000,\"note\":null,\"is_deleted\":0,\"deletor\":null,\"delete_reason\":null}',NULL,'2018-04-01 11:00:00.000000'),(74,'vuvanvo','Sửa đơn hàng: 29','{\"id\":29,\"table\":\"Nt2\",\"discount_rate\":null,\"discount_vnd\":0,\"grand_amount\":90000,\"code\":\"D19N5K\",\"description\":null,\"order_status\":0,\"creator\":\"namthang\",\"created_at\":\"2020-07-13 06:08:18.000000\",\"updated_at\":\"2018-04-01 12:00:00\"}','{\"id\":29,\"table\":\"Nt2\",\"discount_rate\":null,\"discount_vnd\":0,\"grand_amount\":100000,\"code\":\"D19N5K\",\"description\":null,\"order_status\":0,\"creator\":\"namthang\",\"created_at\":\"2020-07-13 06:08:18.000000\",\"updated_at\":\"2020-07-13 00:30:10\"}','2018-04-01 11:00:00.000000'),(75,'vuvanvo','Cập nhật sản phẩm đơn hàng: 29',NULL,'[{\"note\":null,\"order_id\":\"29\",\"product_id\":\"100000\",\"quantity\":\"1\",\"total_amount\":10000}]','2018-04-01 11:00:00.000000'),(76,'namthang','Xóa sản phẩm đơn hàng: 30','{\"order_id\":30,\"product_id\":100001,\"quantity\":5,\"total_amount\":50000,\"note\":null,\"is_deleted\":0,\"deletor\":null,\"delete_reason\":null}',NULL,'2018-04-01 11:00:00.000000'),(77,'namthang','Tạo mới khoản chi','id khoản chi: 81',NULL,'2018-04-01 11:00:00.000000'),(78,'namthang','Tạo mới khoản chi','id khoản chi: 82',NULL,'2018-04-01 11:00:00.000000'),(79,'namthang','Tạo mới khoản chi','id khoản chi: 83',NULL,'2018-04-01 11:00:00.000000'),(80,'namthang','Tạo mới khoản chi','id khoản chi: 84',NULL,'2018-04-01 11:00:00.000000'),(81,'namthang','Tạo mới khoản chi','id khoản chi: 85',NULL,'2018-04-01 11:00:00.000000'),(82,'namthang','Tạo mới khoản chi','id khoản chi: 86',NULL,'2018-04-01 11:00:00.000000'),(83,'namthang','Tạo mới khoản chi','id khoản chi: 87',NULL,'2018-04-01 11:00:00.000000'),(84,'namthang','Tạo mới khoản chi','id khoản chi: 88',NULL,'2018-04-01 11:00:00.000000'),(85,'namthang','Tạo mới khoản chi','id khoản chi: 89',NULL,'2018-04-01 11:00:00.000000'),(86,'namthang','Tạo mới khoản chi','id khoản chi: 90',NULL,'2018-04-01 11:00:00.000000'),(87,'namthang','Tạo mới khoản chi','id khoản chi: 91',NULL,'2018-04-01 11:00:00.000000'),(88,'namthang','Xóa sản phẩm đơn hàng: 35','{\"order_id\":35,\"product_id\":100006,\"quantity\":1,\"total_amount\":25000,\"note\":null,\"is_deleted\":0,\"deletor\":null,\"delete_reason\":null}',NULL,'2018-04-01 11:00:00.000000'),(89,'namthang','Sửa đơn hàng: 35','{\"id\":35,\"table\":\"1\",\"discount_rate\":null,\"discount_vnd\":0,\"grand_amount\":30000,\"code\":\"DMM1RL\",\"description\":null,\"order_status\":3,\"creator\":\"vuvanvo\",\"created_at\":\"2020-07-15 11:46:10.000000\",\"updated_at\":\"2020-07-15 11:58:12\"}','{\"id\":35,\"table\":\"1\",\"discount_rate\":null,\"discount_vnd\":0,\"grand_amount\":45000,\"code\":\"DMM1RL\",\"description\":null,\"order_status\":3,\"creator\":\"vuvanvo\",\"created_at\":\"2020-07-15 11:46:10.000000\",\"updated_at\":\"2020-07-15 12:01:07\"}','2018-04-01 11:00:00.000000'),(90,'namthang','Cập nhật sản phẩm đơn hàng: 35',NULL,'[{\"note\":null,\"order_id\":\"35\",\"product_id\":\"100006\",\"quantity\":\"1\",\"total_amount\":15000}]','2018-04-01 11:00:00.000000'),(91,'namthang','Sửa đơn hàng: 36','{\"id\":36,\"table\":\"343\",\"discount_rate\":10,\"discount_vnd\":10000,\"grand_amount\":45000,\"code\":\"J6SQS2\",\"description\":null,\"order_status\":0,\"creator\":\"namthang\",\"created_at\":\"2020-07-15 13:25:54\",\"updated_at\":\"2018-04-01 18:00:00\"}','{\"id\":36,\"table\":\"343\",\"discount_rate\":20,\"discount_vnd\":10000,\"grand_amount\":48000,\"code\":\"J6SQS2\",\"description\":null,\"order_status\":0,\"creator\":\"namthang\",\"created_at\":\"2020-07-15 13:25:54\",\"updated_at\":\"2020-07-15 13:30:47\"}','2018-04-01 11:00:00.000000'),(92,'namthang','Cập nhật sản phẩm đơn hàng: 36',NULL,'[{\"note\":null,\"order_id\":\"36\",\"product_id\":\"100001\",\"quantity\":\"1\",\"total_amount\":10000}]','2018-04-01 11:00:00.000000'),(93,'namthang','Tạo mới khoản chi','id khoản chi: 92',NULL,'2018-04-01 11:00:00.000000'),(94,'namthang','Tạo tổng hợp doanh thu cuối ngày tự động','id khoản thu: 1',NULL,'2018-04-01 11:00:00.000000'),(95,'namthang','Sửa tổng hợp doanh thu cuối ngày tự động','{\"id\":1,\"config_id\":5,\"note\":\"T\\u1ed5ng h\\u1ee3p doanh thu cu\\u1ed1i ng\\u00e0y t\\u1ef1 \\u0111\\u1ed9ng\",\"date_string\":\"15\\/07\\/2020\",\"date_original\":\"2020-07-15 23:00:00\",\"amount\":190000,\"created_at\":\"2020-07-16 16:35:57\",\"updated_at\":\"2018-04-01 18:00:00\",\"created_user\":\"namthang\",\"updated_user\":null}','null','2018-04-01 11:00:00.000000'),(96,'namthang','Sửa tổng hợp doanh thu cuối ngày tự động','{\"id\":1,\"config_id\":5,\"note\":\"T\\u1ed5ng h\\u1ee3p doanh thu cu\\u1ed1i ng\\u00e0y t\\u1ef1 \\u0111\\u1ed9ng\",\"date_string\":\"15\\/07\\/2020\",\"date_original\":\"2020-07-15 23:00:00\",\"amount\":190000,\"created_at\":\"2020-07-16 16:35:57\",\"updated_at\":\"2020-07-16 16:36:11\",\"created_user\":\"namthang\",\"updated_user\":\"namthang\"}','null','2018-04-01 11:00:00.000000'),(97,'namthang','Sửa tổng hợp doanh thu cuối ngày tự động','{\"id\":1,\"config_id\":5,\"note\":\"T\\u1ed5ng h\\u1ee3p doanh thu cu\\u1ed1i ng\\u00e0y t\\u1ef1 \\u0111\\u1ed9ng\",\"date_string\":\"15\\/07\\/2020\",\"date_original\":\"2020-07-15 23:00:00\",\"amount\":190000,\"created_at\":\"2020-07-16 16:35:57\",\"updated_at\":\"2020-07-16 16:36:11\",\"created_user\":\"namthang\",\"updated_user\":\"namthang\"}','null','2018-04-01 11:00:00.000000'),(98,'namthang','Tạo tổng hợp doanh thu cuối ngày tự động','id khoản thu: 2',NULL,'2018-04-01 11:00:00.000000'),(99,'vuvanvo','Xóa sản phẩm đơn hàng: 41','{\"order_id\":41,\"product_id\":100000,\"quantity\":2,\"total_amount\":20000,\"note\":null,\"is_deleted\":0,\"deletor\":null,\"delete_reason\":null}',NULL,'2018-04-01 11:00:00.000000'),(100,'vuvanvo','Tạo tổng hợp doanh thu cuối ngày tự động','id khoản thu: 3',NULL,'2018-04-01 11:00:00.000000'),(101,'namthang','Sửa đơn hàng: 45','{\"id\":45,\"table\":\"nt1\",\"discount_rate\":null,\"discount_vnd\":0,\"grand_amount\":120000,\"code\":\"R26FI5\",\"description\":null,\"order_status\":0,\"creator\":\"namthang\",\"created_at\":\"2020-07-17 20:55:50.000000\",\"updated_at\":\"2018-04-01 18:00:00\"}','{\"id\":45,\"table\":\"nt1\",\"discount_rate\":null,\"discount_vnd\":0,\"grand_amount\":130000,\"code\":\"R26FI5\",\"description\":null,\"order_status\":0,\"creator\":\"namthang\",\"created_at\":\"2020-07-17 20:55:50.000000\",\"updated_at\":\"2020-07-17 21:17:44\"}','2018-04-01 11:00:00.000000'),(102,'namthang','Cập nhật sản phẩm đơn hàng: 45',NULL,'[{\"note\":null,\"order_id\":\"45\",\"product_id\":\"100000\",\"quantity\":\"1\",\"total_amount\":10000}]','2018-04-01 11:00:00.000000'),(103,'namthang','Tạo tổng hợp doanh thu cuối ngày tự động','id khoản thu: 4',NULL,'2018-04-01 11:00:00.000000'),(104,'namthang','Tạo tổng hợp doanh thu cuối ngày tự động','id khoản thu: 5',NULL,'2018-04-01 11:00:00.000000'),(105,'namthang','Tạo mới khoản chi','id khoản chi: 93',NULL,'2018-04-01 11:00:00.000000'),(106,'vuvanvo','Tạo tổng hợp doanh thu cuối ngày tự động','id khoản thu: 6',NULL,'2018-04-01 11:00:00.000000'),(107,'vuvanvo','Tạo tổng hợp doanh thu cuối ngày tự động','id khoản thu: 7',NULL,'2018-04-01 11:00:00.000000'),(108,'vuvanvo','Tạo tổng hợp doanh thu cuối ngày tự động','id khoản thu: 8',NULL,'2018-04-01 11:00:00.000000'),(109,'vuvanvo','Tạo tổng hợp doanh thu cuối ngày tự động','id khoản thu: 9',NULL,'2018-04-01 11:00:00.000000'),(110,'namthang','Tạo mới khoản chi','id khoản chi: 94',NULL,'2018-04-01 11:00:00.000000'),(111,'namthang','Tạo mới khoản chi','id khoản chi: 95',NULL,'2018-04-01 11:00:00.000000'),(112,'namthang','Tạo mới khoản chi','id khoản chi: 96',NULL,'2018-04-01 11:00:00.000000'),(113,'namthang','Tạo mới khoản chi','id khoản chi: 97',NULL,'2018-04-01 11:00:00.000000'),(114,'namthang','Tạo mới khoản chi','id khoản chi: 98',NULL,'2018-04-01 11:00:00.000000'),(115,'namthang','Tạo tổng hợp doanh thu cuối ngày tự động','id khoản thu: 10',NULL,'2018-04-01 11:00:00.000000'),(116,'namthang','Tạo tổng hợp doanh thu cuối ngày tự động','id khoản thu: 11',NULL,'2018-04-01 11:00:00.000000'),(117,'namthang','Tạo tổng hợp doanh thu cuối ngày tự động','id khoản thu: 12',NULL,'2018-04-01 11:00:00.000000'),(118,'namthang','Tạo tổng hợp doanh thu cuối ngày tự động','id khoản thu: 13',NULL,'2018-04-01 11:00:00.000000'),(119,'namthang','Tạo tổng hợp doanh thu cuối ngày tự động','id khoản thu: 14',NULL,'2018-04-01 11:00:00.000000'),(120,'namthang','Tạo tổng hợp doanh thu cuối ngày tự động','id khoản thu: 15',NULL,'2018-04-01 11:00:00.000000'),(121,'vuvanvo','Tạo mới khoản chi','id khoản chi: 99',NULL,'2018-04-01 11:00:00.000000'),(122,'namthang','Tạo mới khoản chi','id khoản chi: 100',NULL,'2018-04-01 11:00:00.000000'),(123,'namthang','Tạo mới khoản chi','id khoản chi: 101',NULL,'2018-04-01 11:00:00.000000'),(124,'vuvanvo','Sửa đơn hàng: 70','{\"id\":70,\"table\":\"1\",\"discount_rate\":null,\"discount_vnd\":0,\"grand_amount\":30000,\"code\":\"A9DJ0A\",\"description\":null,\"order_status\":0,\"creator\":\"vuvanvo\",\"created_at\":\"2020-08-01 21:32:37.000000\",\"updated_at\":\"2018-04-01 18:00:00\"}','{\"id\":70,\"table\":\"1\",\"discount_rate\":null,\"discount_vnd\":0,\"grand_amount\":60000,\"code\":\"A9DJ0A\",\"description\":null,\"order_status\":0,\"creator\":\"vuvanvo\",\"created_at\":\"2020-08-01 21:32:37.000000\",\"updated_at\":\"2020-08-01 21:39:48\"}','2018-04-01 11:00:00.000000'),(125,'vuvanvo','Cập nhật sản phẩm đơn hàng: 70',NULL,'[{\"order_id\":\"70\",\"product_id\":\"100000\",\"quantity\":\"1\",\"note\":null,\"total_amount\":10000},{\"note\":null,\"order_id\":\"70\",\"product_id\":\"100039\",\"quantity\":\"1\",\"total_amount\":20000}]','2018-04-01 11:00:00.000000'),(126,'vuvanvo','Xóa sản phẩm đơn hàng: 71','{\"order_id\":71,\"product_id\":100041,\"quantity\":1,\"total_amount\":20000,\"note\":null,\"is_deleted\":0,\"deletor\":null,\"delete_reason\":null}',NULL,'2018-04-01 11:00:00.000000'),(127,'vuvanvo','Sửa đơn hàng: 73','{\"id\":73,\"table\":\"1\",\"discount_rate\":null,\"discount_vnd\":0,\"grand_amount\":70000,\"code\":\"K9N6Q5\",\"description\":null,\"order_status\":0,\"creator\":\"vuvanvo\",\"created_at\":\"2020-08-03 21:26:33.000000\",\"updated_at\":\"2018-04-01 18:00:00\"}','{\"id\":73,\"table\":\"1\",\"discount_rate\":null,\"discount_vnd\":0,\"grand_amount\":80000,\"code\":\"K9N6Q5\",\"description\":null,\"order_status\":0,\"creator\":\"vuvanvo\",\"created_at\":\"2020-08-03 21:26:33.000000\",\"updated_at\":\"2020-08-03 21:34:33\"}','2018-04-01 11:00:00.000000'),(128,'vuvanvo','Cập nhật sản phẩm đơn hàng: 73',NULL,'[{\"note\":null,\"order_id\":\"73\",\"product_id\":\"100000\",\"quantity\":\"1\",\"total_amount\":10000}]','2018-04-01 11:00:00.000000'),(129,'vuvanvo','Sửa đơn hàng: 73','{\"id\":73,\"table\":\"1\",\"discount_rate\":null,\"discount_vnd\":0,\"grand_amount\":80000,\"code\":\"K9N6Q5\",\"description\":null,\"order_status\":0,\"creator\":\"vuvanvo\",\"created_at\":\"2020-08-03 21:26:33.000000\",\"updated_at\":\"2020-08-03 21:34:33\"}','{\"id\":73,\"table\":\"1\",\"discount_rate\":null,\"discount_vnd\":0,\"grand_amount\":110000,\"code\":\"K9N6Q5\",\"description\":null,\"order_status\":0,\"creator\":\"vuvanvo\",\"created_at\":\"2020-08-03 21:26:33.000000\",\"updated_at\":\"2020-08-03 21:44:27\"}','2018-04-01 11:00:00.000000'),(130,'vuvanvo','Cập nhật sản phẩm đơn hàng: 73',NULL,'[{\"order_id\":\"73\",\"product_id\":\"100000\",\"quantity\":\"1\",\"note\":null,\"total_amount\":10000},{\"note\":null,\"order_id\":\"73\",\"product_id\":\"100000\",\"quantity\":\"2\",\"total_amount\":20000}]','2018-04-01 11:00:00.000000'),(131,'vuvanvo','Tạo tổng hợp doanh thu cuối ngày tự động','id khoản thu: 16',NULL,'2018-04-01 11:00:00.000000'),(132,'namthang','Tạo mới khoản chi','id khoản chi: 102',NULL,'2018-04-01 11:00:00.000000'),(133,'vuvanvo','Tạo tổng hợp doanh thu cuối ngày tự động','id khoản thu: 17',NULL,'2018-04-01 11:00:00.000000'),(134,'vuvanvo','Tạo tổng hợp doanh thu cuối ngày tự động','id khoản thu: 18',NULL,'2018-04-01 11:00:00.000000'),(135,'vuvanvo','Sửa tổng hợp doanh thu cuối ngày tự động','{\"id\":16,\"config_id\":5,\"note\":\"T\\u1ed5ng h\\u1ee3p doanh thu cu\\u1ed1i ng\\u00e0y t\\u1ef1 \\u0111\\u1ed9ng\",\"date_string\":\"03\\/08\\/2020\",\"date_original\":\"2020-08-03 23:00:00\",\"amount\":110000,\"created_at\":\"2020-08-03 22:34:27.000000\",\"updated_at\":\"2018-04-01 18:00:00\",\"created_user\":\"vuvanvo\",\"updated_user\":null}','null','2018-04-01 11:00:00.000000'),(136,'vuvanvo','Tạo tổng hợp doanh thu cuối ngày tự động','id khoản thu: 19',NULL,'2018-04-01 11:00:00.000000'),(137,'vuvanvo','Tạo tổng hợp doanh thu cuối ngày tự động','id khoản thu: 20',NULL,'2018-04-01 11:00:00.000000'),(138,'namthang','Tạo mới khoản chi','id khoản chi: 103',NULL,'2018-04-01 11:00:00.000000'),(139,'namthang','Tạo mới khoản chi','id khoản chi: 104',NULL,'2018-04-01 11:00:00.000000'),(140,'vuvanvo','Tạo tổng hợp doanh thu cuối ngày tự động','id khoản thu: 21',NULL,'2018-04-01 11:00:00.000000'),(141,'vuvanvo','Tạo tổng hợp doanh thu cuối ngày tự động','id khoản thu: 22',NULL,'2018-04-01 11:00:00.000000'),(142,'vuvanvo','Tạo tổng hợp doanh thu cuối ngày tự động','id khoản thu: 23',NULL,'2018-04-01 11:00:00.000000'),(143,'vuvanvo','Sửa tổng hợp doanh thu cuối ngày tự động','{\"id\":23,\"config_id\":5,\"note\":\"T\\u1ed5ng h\\u1ee3p doanh thu cu\\u1ed1i ng\\u00e0y t\\u1ef1 \\u0111\\u1ed9ng\",\"date_string\":\"15\\/08\\/2020\",\"date_original\":\"2020-08-15 23:00:00\",\"amount\":55000,\"created_at\":\"2020-08-15 22:42:44.000000\",\"updated_at\":\"2018-04-01 18:00:00\",\"created_user\":\"vuvanvo\",\"updated_user\":null}','null','2018-04-01 11:00:00.000000'),(144,'vuvanvo','Sửa tổng hợp doanh thu cuối ngày tự động','{\"id\":23,\"config_id\":5,\"note\":\"T\\u1ed5ng h\\u1ee3p doanh thu cu\\u1ed1i ng\\u00e0y t\\u1ef1 \\u0111\\u1ed9ng\",\"date_string\":\"15\\/08\\/2020\",\"date_original\":\"2020-08-15 23:00:00\",\"amount\":55000,\"created_at\":\"2020-08-15 22:42:44.000000\",\"updated_at\":\"2020-08-15 22:42:56\",\"created_user\":\"vuvanvo\",\"updated_user\":\"vuvanvo\"}','null','2018-04-01 11:00:00.000000'),(145,'vuvanvo','Tạo tổng hợp doanh thu cuối ngày tự động','id khoản thu: 24',NULL,'2018-04-01 11:00:00.000000'),(146,'vuvanvo','Tạo tổng hợp doanh thu cuối ngày tự động','id khoản thu: 25',NULL,'2018-04-01 11:00:00.000000'),(147,'vuvanvo','Sửa đơn hàng: 95','{\"id\":95,\"table\":\"1\",\"discount_rate\":null,\"discount_vnd\":0,\"grand_amount\":70000,\"code\":\"ZYZ25W\",\"description\":null,\"order_status\":0,\"creator\":\"vuvanvo\",\"created_at\":\"2020-08-24 19:18:03.000000\",\"updated_at\":\"2018-04-01 18:00:00\"}','{\"id\":95,\"table\":\"1\",\"discount_rate\":null,\"discount_vnd\":0,\"grand_amount\":80000,\"code\":\"ZYZ25W\",\"description\":null,\"order_status\":0,\"creator\":\"vuvanvo\",\"created_at\":\"2020-08-24 19:18:03.000000\",\"updated_at\":\"2020-08-24 19:42:44\"}','2018-04-01 11:00:00.000000'),(148,'vuvanvo','Cập nhật sản phẩm đơn hàng: 95',NULL,'[{\"note\":null,\"order_id\":\"95\",\"product_id\":\"100000\",\"quantity\":\"1\",\"total_amount\":10000}]','2018-04-01 11:00:00.000000'),(149,'vuvanvo','Tạo tổng hợp doanh thu cuối ngày tự động','id khoản thu: 26',NULL,'2018-04-01 11:00:00.000000'),(150,'vuvanvo','Sửa tổng hợp doanh thu cuối ngày tự động','{\"id\":26,\"config_id\":5,\"note\":\"T\\u1ed5ng h\\u1ee3p doanh thu cu\\u1ed1i ng\\u00e0y t\\u1ef1 \\u0111\\u1ed9ng\",\"date_string\":\"28\\/08\\/2020\",\"date_original\":\"2020-08-28 23:00:00\",\"amount\":185000,\"created_at\":\"2020-08-28 21:32:56.000000\",\"updated_at\":\"2018-04-01 18:00:00\",\"created_user\":\"vuvanvo\",\"updated_user\":null}','null','2018-04-01 11:00:00.000000'),(151,'vuvanvo','Tạo tổng hợp doanh thu cuối ngày tự động','id khoản thu: 27',NULL,'2018-04-01 11:00:00.000000'),(152,'vuvanvo','Sửa tổng hợp doanh thu cuối ngày tự động','{\"id\":17,\"config_id\":5,\"note\":\"T\\u1ed5ng h\\u1ee3p doanh thu cu\\u1ed1i ng\\u00e0y t\\u1ef1 \\u0111\\u1ed9ng\",\"date_string\":\"01\\/08\\/2020\",\"date_original\":\"2020-08-01 23:00:00\",\"amount\":60000,\"created_at\":\"2020-08-04 20:43:53.000000\",\"updated_at\":\"2018-04-01 18:00:00\",\"created_user\":\"vuvanvo\",\"updated_user\":null}','null','2018-04-01 11:00:00.000000'),(153,'vuvanvo','Sửa tổng hợp doanh thu cuối ngày tự động','{\"id\":18,\"config_id\":5,\"note\":\"T\\u1ed5ng h\\u1ee3p doanh thu cu\\u1ed1i ng\\u00e0y t\\u1ef1 \\u0111\\u1ed9ng\",\"date_string\":\"02\\/08\\/2020\",\"date_original\":\"2020-08-02 23:00:00\",\"amount\":20000,\"created_at\":\"2020-08-04 20:44:01.000000\",\"updated_at\":\"2018-04-01 18:00:00\",\"created_user\":\"vuvanvo\",\"updated_user\":null}','null','2018-04-01 11:00:00.000000'),(154,'vuvanvo','Sửa tổng hợp doanh thu cuối ngày tự động','{\"id\":16,\"config_id\":5,\"note\":\"T\\u1ed5ng h\\u1ee3p doanh thu cu\\u1ed1i ng\\u00e0y t\\u1ef1 \\u0111\\u1ed9ng\",\"date_string\":\"03\\/08\\/2020\",\"date_original\":\"2020-08-03 23:00:00\",\"amount\":110000,\"created_at\":\"2020-08-03 22:34:27.000000\",\"updated_at\":\"2020-08-04 20:44:12\",\"created_user\":\"vuvanvo\",\"updated_user\":\"vuvanvo\"}','null','2018-04-01 11:00:00.000000'),(155,'vuvanvo','Sửa tổng hợp doanh thu cuối ngày tự động','{\"id\":19,\"config_id\":5,\"note\":\"T\\u1ed5ng h\\u1ee3p doanh thu cu\\u1ed1i ng\\u00e0y t\\u1ef1 \\u0111\\u1ed9ng\",\"date_string\":\"05\\/08\\/2020\",\"date_original\":\"2020-08-05 23:00:00\",\"amount\":130000,\"created_at\":\"2020-08-05 22:36:24.000000\",\"updated_at\":\"2018-04-01 18:00:00\",\"created_user\":\"vuvanvo\",\"updated_user\":null}','null','2018-04-01 11:00:00.000000'),(156,'vuvanvo','Tạo tổng hợp doanh thu cuối ngày tự động','id khoản thu: 28',NULL,'2018-04-01 11:00:00.000000'),(157,'vuvanvo','Sửa tổng hợp doanh thu cuối ngày tự động','{\"id\":20,\"config_id\":5,\"note\":\"T\\u1ed5ng h\\u1ee3p doanh thu cu\\u1ed1i ng\\u00e0y t\\u1ef1 \\u0111\\u1ed9ng\",\"date_string\":\"07\\/08\\/2020\",\"date_original\":\"2020-08-07 23:00:00\",\"amount\":185000,\"created_at\":\"2020-08-07 22:38:27.000000\",\"updated_at\":\"2018-04-01 18:00:00\",\"created_user\":\"vuvanvo\",\"updated_user\":null}','null','2018-04-01 11:00:00.000000'),(158,'vuvanvo','Tạo tổng hợp doanh thu cuối ngày tự động','id khoản thu: 29',NULL,'2018-04-01 11:00:00.000000'),(159,'vuvanvo','Sửa tổng hợp doanh thu cuối ngày tự động','{\"id\":21,\"config_id\":5,\"note\":\"T\\u1ed5ng h\\u1ee3p doanh thu cu\\u1ed1i ng\\u00e0y t\\u1ef1 \\u0111\\u1ed9ng\",\"date_string\":\"12\\/08\\/2020\",\"date_original\":\"2020-08-12 23:00:00\",\"amount\":20000,\"created_at\":\"2020-08-12 22:20:57.000000\",\"updated_at\":\"2018-04-01 18:00:00\",\"created_user\":\"vuvanvo\",\"updated_user\":null}','null','2018-04-01 11:00:00.000000'),(160,'vuvanvo','Sửa tổng hợp doanh thu cuối ngày tự động','{\"id\":22,\"config_id\":5,\"note\":\"T\\u1ed5ng h\\u1ee3p doanh thu cu\\u1ed1i ng\\u00e0y t\\u1ef1 \\u0111\\u1ed9ng\",\"date_string\":\"14\\/08\\/2020\",\"date_original\":\"2020-08-14 23:00:00\",\"amount\":20000,\"created_at\":\"2020-08-14 22:19:17.000000\",\"updated_at\":\"2018-04-01 18:00:00\",\"created_user\":\"vuvanvo\",\"updated_user\":null}','null','2018-04-01 11:00:00.000000'),(161,'vuvanvo','Sửa tổng hợp doanh thu cuối ngày tự động','{\"id\":23,\"config_id\":5,\"note\":\"T\\u1ed5ng h\\u1ee3p doanh thu cu\\u1ed1i ng\\u00e0y t\\u1ef1 \\u0111\\u1ed9ng\",\"date_string\":\"15\\/08\\/2020\",\"date_original\":\"2020-08-15 23:00:00\",\"amount\":85000,\"created_at\":\"2020-08-15 22:42:44.000000\",\"updated_at\":\"2020-08-15 22:43:45\",\"created_user\":\"vuvanvo\",\"updated_user\":\"vuvanvo\"}','null','2018-04-01 11:00:00.000000'),(162,'vuvanvo','Sửa tổng hợp doanh thu cuối ngày tự động','{\"id\":24,\"config_id\":5,\"note\":\"T\\u1ed5ng h\\u1ee3p doanh thu cu\\u1ed1i ng\\u00e0y t\\u1ef1 \\u0111\\u1ed9ng\",\"date_string\":\"16\\/08\\/2020\",\"date_original\":\"2020-08-16 23:00:00\",\"amount\":35000,\"created_at\":\"2020-08-16 23:12:05.000000\",\"updated_at\":\"2018-04-01 18:00:00\",\"created_user\":\"vuvanvo\",\"updated_user\":null}','null','2018-04-01 11:00:00.000000'),(163,'vuvanvo','Tạo tổng hợp doanh thu cuối ngày tự động','id khoản thu: 30',NULL,'2018-04-01 11:00:00.000000'),(164,'vuvanvo','Sửa tổng hợp doanh thu cuối ngày tự động','{\"id\":25,\"config_id\":5,\"note\":\"T\\u1ed5ng h\\u1ee3p doanh thu cu\\u1ed1i ng\\u00e0y t\\u1ef1 \\u0111\\u1ed9ng\",\"date_string\":\"21\\/08\\/2020\",\"date_original\":\"2020-08-21 23:00:00\",\"amount\":55000,\"created_at\":\"2020-08-21 23:09:54.000000\",\"updated_at\":\"2018-04-01 18:00:00\",\"created_user\":\"vuvanvo\",\"updated_user\":null}','null','2018-04-01 11:00:00.000000'),(165,'vuvanvo','Tạo tổng hợp doanh thu cuối ngày tự động','id khoản thu: 31',NULL,'2018-04-01 11:00:00.000000'),(166,'vuvanvo','Tạo tổng hợp doanh thu cuối ngày tự động','id khoản thu: 32',NULL,'2018-04-01 11:00:00.000000'),(167,'vuvanvo','Tạo tổng hợp doanh thu cuối ngày tự động','id khoản thu: 33',NULL,'2018-04-01 11:00:00.000000'),(168,'vuvanvo','Sửa tổng hợp doanh thu cuối ngày tự động','{\"id\":26,\"config_id\":5,\"note\":\"T\\u1ed5ng h\\u1ee3p doanh thu cu\\u1ed1i ng\\u00e0y t\\u1ef1 \\u0111\\u1ed9ng\",\"date_string\":\"28\\/08\\/2020\",\"date_original\":\"2020-08-28 23:00:00\",\"amount\":185000,\"created_at\":\"2020-08-28 21:32:56.000000\",\"updated_at\":\"2020-08-28 21:33:00\",\"created_user\":\"vuvanvo\",\"updated_user\":\"vuvanvo\"}','null','2018-04-01 11:00:00.000000'),(169,'vuvanvo','Sửa tổng hợp doanh thu cuối ngày tự động','{\"id\":27,\"config_id\":5,\"note\":\"T\\u1ed5ng h\\u1ee3p doanh thu cu\\u1ed1i ng\\u00e0y t\\u1ef1 \\u0111\\u1ed9ng\",\"date_string\":\"30\\/08\\/2020\",\"date_original\":\"2020-08-30 23:00:00\",\"amount\":20000,\"created_at\":\"2020-08-30 20:34:32.000000\",\"updated_at\":\"2018-04-01 18:00:00\",\"created_user\":\"vuvanvo\",\"updated_user\":null}','null','2018-04-01 11:00:00.000000'),(170,'vuvanvo','Sửa đơn hàng: 103','{\"id\":103,\"table\":\"3\",\"discount_rate\":null,\"discount_vnd\":0,\"grand_amount\":40000,\"code\":\"RKOVMK\",\"description\":null,\"order_status\":0,\"creator\":\"vuvanvo\",\"created_at\":\"2020-09-02 21:48:09.000000\",\"updated_at\":\"2018-04-01 18:00:00\"}','{\"id\":103,\"table\":\"3\",\"discount_rate\":null,\"discount_vnd\":0,\"grand_amount\":50000,\"code\":\"RKOVMK\",\"description\":null,\"order_status\":0,\"creator\":\"vuvanvo\",\"created_at\":\"2020-09-02 21:48:09.000000\",\"updated_at\":\"2020-09-02 22:27:44\"}','2018-04-01 11:00:00.000000'),(171,'vuvanvo','Cập nhật sản phẩm đơn hàng: 103',NULL,'[{\"note\":null,\"order_id\":\"103\",\"product_id\":\"100038\",\"quantity\":\"1\",\"total_amount\":10000}]','2018-04-01 11:00:00.000000'),(172,'vuvanvo','Tạo tổng hợp doanh thu cuối ngày tự động','id khoản thu: 34',NULL,'2018-04-01 11:00:00.000000'),(173,'namthang','Tạo mới khoản chi','id khoản chi: 105',NULL,'2018-04-01 11:00:00.000000'),(174,'namthang','Tạo mới khoản chi','id khoản chi: 106',NULL,'2018-04-01 11:00:00.000000'),(175,'namthang','Tạo mới khoản chi','id khoản chi: 107',NULL,'2018-04-01 11:00:00.000000'),(176,'namthang','Tạo mới khoản chi','id khoản chi: 108',NULL,'2018-04-01 11:00:00.000000'),(177,'vuvanvo','Tạo tổng hợp doanh thu cuối ngày tự động','id khoản thu: 35',NULL,'2018-04-01 11:00:00.000000'),(178,'vuvanvo','Sửa đơn hàng: 121','{\"id\":121,\"table\":\"1\",\"discount_rate\":10,\"discount_vnd\":0,\"grand_amount\":45000,\"code\":\"DR6ITR\",\"description\":null,\"order_status\":0,\"creator\":\"vuvanvo\",\"created_at\":\"2020-09-15 20:57:21.000000\",\"updated_at\":\"2018-04-01 18:00:00\"}','{\"id\":121,\"table\":\"1\",\"discount_rate\":10,\"discount_vnd\":0,\"grand_amount\":81000,\"code\":\"DR6ITR\",\"description\":null,\"order_status\":0,\"creator\":\"vuvanvo\",\"created_at\":\"2020-09-15 20:57:21.000000\",\"updated_at\":\"2020-09-15 21:59:20\"}','2018-04-01 11:00:00.000000'),(179,'vuvanvo','Cập nhật sản phẩm đơn hàng: 121',NULL,'[{\"note\":null,\"order_id\":\"121\",\"product_id\":\"100043\",\"quantity\":\"2\",\"total_amount\":40000}]','2018-04-01 11:00:00.000000'),(180,'namthang','Sửa tổng hợp doanh thu cuối ngày tự động','{\"id\":34,\"config_id\":5,\"note\":\"T\\u1ed5ng h\\u1ee3p doanh thu cu\\u1ed1i ng\\u00e0y t\\u1ef1 \\u0111\\u1ed9ng\",\"date_string\":\"02\\/09\\/2020\",\"date_original\":\"2020-09-02 23:00:00\",\"amount\":100000,\"created_at\":\"2020-09-02 22:28:01\",\"updated_at\":\"2018-04-01 18:00:00\",\"created_user\":\"vuvanvo\",\"updated_user\":null}','{\"id\":34,\"config_id\":5,\"note\":\"T\\u1ed5ng h\\u1ee3p doanh thu cu\\u1ed1i ng\\u00e0y t\\u1ef1 \\u0111\\u1ed9ng\",\"date_string\":\"02\\/09\\/2020\",\"date_original\":\"2020-09-02 23:00:00\",\"amount\":100000,\"created_at\":\"2020-09-02 22:28:01\",\"updated_at\":\"2020-09-18 16:33:42\",\"created_user\":\"vuvanvo\",\"updated_user\":\"namthang\"}','2018-04-01 11:00:00.000000'),(181,'namthang','Sửa tổng hợp doanh thu cuối ngày tự động','{\"id\":34,\"config_id\":5,\"note\":\"T\\u1ed5ng h\\u1ee3p doanh thu cu\\u1ed1i ng\\u00e0y t\\u1ef1 \\u0111\\u1ed9ng\",\"date_string\":\"02\\/09\\/2020\",\"date_original\":\"2020-09-02 23:00:00\",\"amount\":100000,\"created_at\":\"2020-09-02 22:28:01\",\"updated_at\":\"2020-09-18 16:33:42\",\"created_user\":\"vuvanvo\",\"updated_user\":\"namthang\"}','{\"id\":34,\"config_id\":5,\"note\":\"T\\u1ed5ng h\\u1ee3p doanh thu cu\\u1ed1i ng\\u00e0y t\\u1ef1 \\u0111\\u1ed9ng\",\"date_string\":\"02\\/09\\/2020\",\"date_original\":\"2020-09-02 23:00:00\",\"amount\":100000,\"created_at\":\"2020-09-02 22:28:01\",\"updated_at\":\"2020-09-18 16:33:42\",\"created_user\":\"vuvanvo\",\"updated_user\":\"namthang\"}','2018-04-01 11:00:00.000000'),(182,'namthang','Sửa tổng hợp doanh thu cuối ngày tự động','{\"id\":34,\"config_id\":5,\"note\":\"T\\u1ed5ng h\\u1ee3p doanh thu cu\\u1ed1i ng\\u00e0y t\\u1ef1 \\u0111\\u1ed9ng\",\"date_string\":\"02\\/09\\/2020\",\"date_original\":\"2020-09-02 23:00:00\",\"amount\":100000,\"created_at\":\"2020-09-02 22:28:01\",\"updated_at\":\"2020-09-18 16:33:42\",\"created_user\":\"vuvanvo\",\"updated_user\":\"namthang\"}','{\"id\":34,\"config_id\":5,\"note\":\"T\\u1ed5ng h\\u1ee3p doanh thu cu\\u1ed1i ng\\u00e0y t\\u1ef1 \\u0111\\u1ed9ng\",\"date_string\":\"02\\/09\\/2020\",\"date_original\":\"2020-09-02 23:00:00\",\"amount\":100000,\"created_at\":\"2020-09-02 22:28:01\",\"updated_at\":\"2020-09-18 16:33:42\",\"created_user\":\"vuvanvo\",\"updated_user\":\"namthang\"}','2018-04-01 11:00:00.000000'),(183,'namthang','Sửa tổng hợp doanh thu cuối ngày tự động','{\"id\":34,\"config_id\":5,\"note\":\"T\\u1ed5ng h\\u1ee3p doanh thu cu\\u1ed1i ng\\u00e0y t\\u1ef1 \\u0111\\u1ed9ng\",\"date_string\":\"02\\/09\\/2020\",\"date_original\":\"2020-09-02 23:00:00\",\"amount\":100000,\"created_at\":\"2020-09-02 22:28:01\",\"updated_at\":\"2020-09-18 16:33:42\",\"created_user\":\"vuvanvo\",\"updated_user\":\"namthang\"}','{\"id\":34,\"config_id\":5,\"note\":\"T\\u1ed5ng h\\u1ee3p doanh thu cu\\u1ed1i ng\\u00e0y t\\u1ef1 \\u0111\\u1ed9ng\",\"date_string\":\"02\\/09\\/2020\",\"date_original\":\"2020-09-02 23:00:00\",\"amount\":100000,\"created_at\":\"2020-09-02 22:28:01\",\"updated_at\":\"2020-09-18 16:33:42\",\"created_user\":\"vuvanvo\",\"updated_user\":\"namthang\"}','2018-04-01 11:00:00.000000'),(184,'namthang','Tạo tổng hợp doanh thu cuối ngày tự động','id khoản thu: 36',NULL,'2018-04-01 11:00:00.000000'),(185,'namthang','Tạo tổng hợp doanh thu cuối ngày tự động','id khoản thu: 37',NULL,'2018-04-01 11:00:00.000000'),(186,'namthang','Tạo tổng hợp doanh thu cuối ngày tự động','id khoản thu: 38',NULL,'2018-04-01 11:00:00.000000'),(187,'namthang','Tạo tổng hợp doanh thu cuối ngày tự động','id khoản thu: 39',NULL,'2018-04-01 11:00:00.000000'),(188,'namthang','Sửa tổng hợp doanh thu cuối ngày tự động','{\"id\":34,\"config_id\":5,\"note\":\"T\\u1ed5ng h\\u1ee3p doanh thu cu\\u1ed1i ng\\u00e0y t\\u1ef1 \\u0111\\u1ed9ng\",\"date_string\":\"02\\/09\\/2020\",\"date_original\":\"2020-09-02 23:00:00\",\"amount\":100000,\"created_at\":\"2020-09-02 22:28:01\",\"updated_at\":\"2020-09-18 16:33:42\",\"created_user\":\"vuvanvo\",\"updated_user\":\"namthang\"}','{\"id\":34,\"config_id\":5,\"note\":\"T\\u1ed5ng h\\u1ee3p doanh thu cu\\u1ed1i ng\\u00e0y t\\u1ef1 \\u0111\\u1ed9ng\",\"date_string\":\"02\\/09\\/2020\",\"date_original\":\"2020-09-02 23:00:00\",\"amount\":100000,\"created_at\":\"2020-09-02 22:28:01\",\"updated_at\":\"2020-09-18 16:33:42\",\"created_user\":\"vuvanvo\",\"updated_user\":\"namthang\"}','2018-04-01 11:00:00.000000'),(189,'namthang','Sửa tổng hợp doanh thu cuối ngày tự động','{\"id\":36,\"config_id\":5,\"note\":\"T\\u1ed5ng h\\u1ee3p doanh thu cu\\u1ed1i ng\\u00e0y t\\u1ef1 \\u0111\\u1ed9ng\",\"date_string\":\"04\\/09\\/2020\",\"date_original\":\"2020-09-04 22:00:00\",\"amount\":140000,\"created_at\":\"2020-09-18 17:34:33\",\"updated_at\":\"2018-04-01 18:00:00\",\"created_user\":\"namthang\",\"updated_user\":null}','{\"id\":36,\"config_id\":5,\"note\":\"T\\u1ed5ng h\\u1ee3p doanh thu cu\\u1ed1i ng\\u00e0y t\\u1ef1 \\u0111\\u1ed9ng\",\"date_string\":\"04\\/09\\/2020\",\"date_original\":\"2020-09-04 22:00:00\",\"amount\":140000,\"created_at\":\"2020-09-18 17:34:33\",\"updated_at\":\"2020-09-18 17:37:39\",\"created_user\":\"namthang\",\"updated_user\":\"namthang\"}','2018-04-01 11:00:00.000000'),(190,'namthang','Sửa tổng hợp doanh thu cuối ngày tự động','{\"id\":34,\"config_id\":5,\"note\":\"T\\u1ed5ng h\\u1ee3p doanh thu cu\\u1ed1i ng\\u00e0y t\\u1ef1 \\u0111\\u1ed9ng\",\"date_string\":\"02\\/09\\/2020\",\"date_original\":\"2020-09-02 23:00:00\",\"amount\":100000,\"created_at\":\"2020-09-02 22:28:01\",\"updated_at\":\"2020-09-18 16:33:42\",\"created_user\":\"vuvanvo\",\"updated_user\":\"namthang\"}','{\"id\":34,\"config_id\":5,\"note\":\"T\\u1ed5ng h\\u1ee3p doanh thu cu\\u1ed1i ng\\u00e0y t\\u1ef1 \\u0111\\u1ed9ng\",\"date_string\":\"02\\/09\\/2020\",\"date_original\":\"2020-09-02 23:00:00\",\"amount\":100000,\"created_at\":\"2020-09-02 22:28:01\",\"updated_at\":\"2020-09-18 16:33:42\",\"created_user\":\"vuvanvo\",\"updated_user\":\"namthang\"}','2018-04-01 11:00:00.000000'),(191,'namthang','Tạo tổng hợp doanh thu cuối ngày tự động','id khoản thu: 40',NULL,'2018-04-01 11:00:00.000000'),(192,'namthang','Sửa tổng hợp doanh thu cuối ngày tự động','{\"id\":34,\"config_id\":5,\"note\":\"T\\u1ed5ng h\\u1ee3p doanh thu cu\\u1ed1i ng\\u00e0y t\\u1ef1 \\u0111\\u1ed9ng\",\"date_string\":\"02\\/09\\/2020\",\"date_original\":\"2020-09-02 23:00:00\",\"amount\":100000,\"created_at\":\"2020-09-02 22:28:01\",\"updated_at\":\"2020-09-18 16:33:42\",\"created_user\":\"vuvanvo\",\"updated_user\":\"namthang\"}','{\"id\":34,\"config_id\":5,\"note\":\"T\\u1ed5ng h\\u1ee3p doanh thu cu\\u1ed1i ng\\u00e0y t\\u1ef1 \\u0111\\u1ed9ng\",\"date_string\":\"02\\/09\\/2020\",\"date_original\":\"2020-09-02 23:00:00\",\"amount\":100000,\"created_at\":\"2020-09-02 22:28:01\",\"updated_at\":\"2020-09-18 16:33:42\",\"created_user\":\"vuvanvo\",\"updated_user\":\"namthang\"}','2018-04-01 11:00:00.000000'),(193,'namthang','Sửa tổng hợp doanh thu cuối ngày tự động','{\"id\":40,\"config_id\":5,\"note\":\"T\\u1ed5ng h\\u1ee3p doanh thu cu\\u1ed1i ng\\u00e0y t\\u1ef1 \\u0111\\u1ed9ng\",\"date_string\":\"04\\/09\\/2020\",\"date_original\":\"2020-09-04 22:00:00\",\"amount\":140000,\"created_at\":\"2020-09-18 17:38:22\",\"updated_at\":\"2018-04-01 18:00:00\",\"created_user\":\"namthang\",\"updated_user\":null}','{\"id\":40,\"config_id\":5,\"note\":\"T\\u1ed5ng h\\u1ee3p doanh thu cu\\u1ed1i ng\\u00e0y t\\u1ef1 \\u0111\\u1ed9ng\",\"date_string\":\"04\\/09\\/2020\",\"date_original\":\"2020-09-04 22:00:00\",\"amount\":140000,\"created_at\":\"2020-09-18 17:38:22\",\"updated_at\":\"2020-09-18 17:40:20\",\"created_user\":\"namthang\",\"updated_user\":\"namthang\"}','2018-04-01 11:00:00.000000'),(194,'namthang','Sửa tổng hợp doanh thu cuối ngày tự động','{\"id\":34,\"config_id\":5,\"note\":\"T\\u1ed5ng h\\u1ee3p doanh thu cu\\u1ed1i ng\\u00e0y t\\u1ef1 \\u0111\\u1ed9ng\",\"date_string\":\"02\\/09\\/2020\",\"date_original\":\"2020-09-02 23:00:00\",\"amount\":100000,\"created_at\":\"2020-09-02 22:28:01\",\"updated_at\":\"2020-09-18 16:33:42\",\"created_user\":\"vuvanvo\",\"updated_user\":\"namthang\"}','{\"id\":34,\"config_id\":5,\"note\":\"T\\u1ed5ng h\\u1ee3p doanh thu cu\\u1ed1i ng\\u00e0y t\\u1ef1 \\u0111\\u1ed9ng\",\"date_string\":\"02\\/09\\/2020\",\"date_original\":\"2020-09-02 23:00:00\",\"amount\":100000,\"created_at\":\"2020-09-02 22:28:01\",\"updated_at\":\"2020-09-18 16:33:42\",\"created_user\":\"vuvanvo\",\"updated_user\":\"namthang\"}','2018-04-01 11:00:00.000000'),(195,'namthang','Sửa tổng hợp doanh thu cuối ngày tự động','{\"id\":40,\"config_id\":5,\"note\":\"T\\u1ed5ng h\\u1ee3p doanh thu cu\\u1ed1i ng\\u00e0y t\\u1ef1 \\u0111\\u1ed9ng\",\"date_string\":\"04\\/09\\/2020\",\"date_original\":\"2020-09-04 22:00:00\",\"amount\":140000,\"created_at\":\"2020-09-18 17:38:22\",\"updated_at\":\"2020-09-18 17:40:20\",\"created_user\":\"namthang\",\"updated_user\":\"namthang\"}','{\"id\":40,\"config_id\":5,\"note\":\"T\\u1ed5ng h\\u1ee3p doanh thu cu\\u1ed1i ng\\u00e0y t\\u1ef1 \\u0111\\u1ed9ng\",\"date_string\":\"04\\/09\\/2020\",\"date_original\":\"2020-09-04 22:00:00\",\"amount\":140000,\"created_at\":\"2020-09-18 17:38:22\",\"updated_at\":\"2020-09-18 17:40:20\",\"created_user\":\"namthang\",\"updated_user\":\"namthang\"}','2018-04-01 11:00:00.000000'),(196,'namthang','Sửa tổng hợp doanh thu cuối ngày tự động','{\"id\":34,\"config_id\":5,\"note\":\"T\\u1ed5ng h\\u1ee3p doanh thu cu\\u1ed1i ng\\u00e0y t\\u1ef1 \\u0111\\u1ed9ng\",\"date_string\":\"02\\/09\\/2020\",\"date_original\":\"2020-09-02 23:00:00\",\"amount\":100000,\"created_at\":\"2020-09-02 22:28:01\",\"updated_at\":\"2020-09-18 16:33:42\",\"created_user\":\"vuvanvo\",\"updated_user\":\"namthang\"}','{\"id\":34,\"config_id\":5,\"note\":\"T\\u1ed5ng h\\u1ee3p doanh thu cu\\u1ed1i ng\\u00e0y t\\u1ef1 \\u0111\\u1ed9ng\",\"date_string\":\"02\\/09\\/2020\",\"date_original\":\"2020-09-02 23:00:00\",\"amount\":100000,\"created_at\":\"2020-09-02 22:28:01\",\"updated_at\":\"2020-09-18 16:33:42\",\"created_user\":\"vuvanvo\",\"updated_user\":\"namthang\"}','2018-04-01 11:00:00.000000'),(197,'namthang','Sửa tổng hợp doanh thu cuối ngày tự động','{\"id\":40,\"config_id\":5,\"note\":\"T\\u1ed5ng h\\u1ee3p doanh thu cu\\u1ed1i ng\\u00e0y t\\u1ef1 \\u0111\\u1ed9ng\",\"date_string\":\"04\\/09\\/2020\",\"date_original\":\"2020-09-04 22:00:00\",\"amount\":140000,\"created_at\":\"2020-09-18 17:38:22\",\"updated_at\":\"2020-09-18 17:40:20\",\"created_user\":\"namthang\",\"updated_user\":\"namthang\"}','{\"id\":40,\"config_id\":5,\"note\":\"T\\u1ed5ng h\\u1ee3p doanh thu cu\\u1ed1i ng\\u00e0y t\\u1ef1 \\u0111\\u1ed9ng\",\"date_string\":\"04\\/09\\/2020\",\"date_original\":\"2020-09-04 22:00:00\",\"amount\":140000,\"created_at\":\"2020-09-18 17:38:22\",\"updated_at\":\"2020-09-18 17:40:20\",\"created_user\":\"namthang\",\"updated_user\":\"namthang\"}','2018-04-01 11:00:00.000000'),(198,'namthang','Sửa tổng hợp doanh thu cuối ngày tự động','{\"id\":34,\"config_id\":5,\"note\":\"T\\u1ed5ng h\\u1ee3p doanh thu cu\\u1ed1i ng\\u00e0y t\\u1ef1 \\u0111\\u1ed9ng\",\"date_string\":\"02\\/09\\/2020\",\"date_original\":\"2020-09-02 23:00:00\",\"amount\":100000,\"created_at\":\"2020-09-02 22:28:01\",\"updated_at\":\"2020-09-18 16:33:42\",\"created_user\":\"vuvanvo\",\"updated_user\":\"namthang\"}','{\"id\":34,\"config_id\":5,\"note\":\"T\\u1ed5ng h\\u1ee3p doanh thu cu\\u1ed1i ng\\u00e0y t\\u1ef1 \\u0111\\u1ed9ng\",\"date_string\":\"02\\/09\\/2020\",\"date_original\":\"2020-09-02 23:00:00\",\"amount\":100000,\"created_at\":\"2020-09-02 22:28:01\",\"updated_at\":\"2020-09-18 16:33:42\",\"created_user\":\"vuvanvo\",\"updated_user\":\"namthang\"}','2018-04-01 11:00:00.000000'),(199,'namthang','Sửa tổng hợp doanh thu cuối ngày tự động','{\"id\":40,\"config_id\":5,\"note\":\"T\\u1ed5ng h\\u1ee3p doanh thu cu\\u1ed1i ng\\u00e0y t\\u1ef1 \\u0111\\u1ed9ng\",\"date_string\":\"04\\/09\\/2020\",\"date_original\":\"2020-09-04 22:00:00\",\"amount\":140000,\"created_at\":\"2020-09-18 17:38:22\",\"updated_at\":\"2020-09-18 17:40:20\",\"created_user\":\"namthang\",\"updated_user\":\"namthang\"}','{\"id\":40,\"config_id\":5,\"note\":\"T\\u1ed5ng h\\u1ee3p doanh thu cu\\u1ed1i ng\\u00e0y t\\u1ef1 \\u0111\\u1ed9ng\",\"date_string\":\"04\\/09\\/2020\",\"date_original\":\"2020-09-04 22:00:00\",\"amount\":140000,\"created_at\":\"2020-09-18 17:38:22\",\"updated_at\":\"2020-09-18 17:40:20\",\"created_user\":\"namthang\",\"updated_user\":\"namthang\"}','2018-04-01 11:00:00.000000'),(200,'namthang','Sửa tổng hợp doanh thu cuối ngày tự động','{\"id\":34,\"config_id\":5,\"note\":\"T\\u1ed5ng h\\u1ee3p doanh thu cu\\u1ed1i ng\\u00e0y t\\u1ef1 \\u0111\\u1ed9ng\",\"date_string\":\"02\\/09\\/2020\",\"date_original\":\"2020-09-02 23:00:00\",\"amount\":100000,\"created_at\":\"2020-09-02 22:28:01\",\"updated_at\":\"2020-09-18 16:33:42\",\"created_user\":\"vuvanvo\",\"updated_user\":\"namthang\"}','{\"id\":34,\"config_id\":5,\"note\":\"T\\u1ed5ng h\\u1ee3p doanh thu cu\\u1ed1i ng\\u00e0y t\\u1ef1 \\u0111\\u1ed9ng\",\"date_string\":\"02\\/09\\/2020\",\"date_original\":\"2020-09-02 23:00:00\",\"amount\":100000,\"created_at\":\"2020-09-02 22:28:01\",\"updated_at\":\"2020-09-18 16:33:42\",\"created_user\":\"vuvanvo\",\"updated_user\":\"namthang\"}','2018-04-01 11:00:00.000000'),(201,'namthang','Sửa tổng hợp doanh thu cuối ngày tự động','{\"id\":40,\"config_id\":5,\"note\":\"T\\u1ed5ng h\\u1ee3p doanh thu cu\\u1ed1i ng\\u00e0y t\\u1ef1 \\u0111\\u1ed9ng\",\"date_string\":\"04\\/09\\/2020\",\"date_original\":\"2020-09-04 22:00:00\",\"amount\":140000,\"created_at\":\"2020-09-18 17:38:22\",\"updated_at\":\"2020-09-18 17:40:20\",\"created_user\":\"namthang\",\"updated_user\":\"namthang\"}','{\"id\":40,\"config_id\":5,\"note\":\"T\\u1ed5ng h\\u1ee3p doanh thu cu\\u1ed1i ng\\u00e0y t\\u1ef1 \\u0111\\u1ed9ng\",\"date_string\":\"04\\/09\\/2020\",\"date_original\":\"2020-09-04 22:00:00\",\"amount\":140000,\"created_at\":\"2020-09-18 17:38:22\",\"updated_at\":\"2020-09-18 17:40:20\",\"created_user\":\"namthang\",\"updated_user\":\"namthang\"}','2018-04-01 11:00:00.000000'),(202,'namthang','Sửa tổng hợp doanh thu cuối ngày tự động','{\"id\":34,\"config_id\":5,\"note\":\"T\\u1ed5ng h\\u1ee3p doanh thu cu\\u1ed1i ng\\u00e0y t\\u1ef1 \\u0111\\u1ed9ng\",\"date_string\":\"02\\/09\\/2020\",\"date_original\":\"2020-09-02 23:00:00\",\"amount\":100000,\"created_at\":\"2020-09-02 22:28:01\",\"updated_at\":\"2020-09-18 16:33:42\",\"created_user\":\"vuvanvo\",\"updated_user\":\"namthang\"}','{\"id\":34,\"config_id\":5,\"note\":\"T\\u1ed5ng h\\u1ee3p doanh thu cu\\u1ed1i ng\\u00e0y t\\u1ef1 \\u0111\\u1ed9ng\",\"date_string\":\"02\\/09\\/2020\",\"date_original\":\"2020-09-02 23:00:00\",\"amount\":100000,\"created_at\":\"2020-09-02 22:28:01\",\"updated_at\":\"2020-09-18 16:33:42\",\"created_user\":\"vuvanvo\",\"updated_user\":\"namthang\"}','2018-04-01 11:00:00.000000'),(203,'namthang','Sửa tổng hợp doanh thu cuối ngày tự động','{\"id\":40,\"config_id\":5,\"note\":\"T\\u1ed5ng h\\u1ee3p doanh thu cu\\u1ed1i ng\\u00e0y t\\u1ef1 \\u0111\\u1ed9ng\",\"date_string\":\"04\\/09\\/2020\",\"date_original\":\"2020-09-04 22:00:00\",\"amount\":140000,\"created_at\":\"2020-09-18 17:38:22\",\"updated_at\":\"2020-09-18 17:40:20\",\"created_user\":\"namthang\",\"updated_user\":\"namthang\"}','{\"id\":40,\"config_id\":5,\"note\":\"T\\u1ed5ng h\\u1ee3p doanh thu cu\\u1ed1i ng\\u00e0y t\\u1ef1 \\u0111\\u1ed9ng\",\"date_string\":\"04\\/09\\/2020\",\"date_original\":\"2020-09-04 22:00:00\",\"amount\":140000,\"created_at\":\"2020-09-18 17:38:22\",\"updated_at\":\"2020-09-18 17:40:20\",\"created_user\":\"namthang\",\"updated_user\":\"namthang\"}','2018-04-01 11:00:00.000000'),(204,'namthang','Sửa tổng hợp doanh thu cuối ngày tự động','{\"id\":34,\"config_id\":5,\"note\":\"T\\u1ed5ng h\\u1ee3p doanh thu cu\\u1ed1i ng\\u00e0y t\\u1ef1 \\u0111\\u1ed9ng\",\"date_string\":\"02\\/09\\/2020\",\"date_original\":\"2020-09-02 23:00:00\",\"amount\":100000,\"created_at\":\"2020-09-02 22:28:01\",\"updated_at\":\"2020-09-18 16:33:42\",\"created_user\":\"vuvanvo\",\"updated_user\":\"namthang\"}','{\"id\":34,\"config_id\":5,\"note\":\"T\\u1ed5ng h\\u1ee3p doanh thu cu\\u1ed1i ng\\u00e0y t\\u1ef1 \\u0111\\u1ed9ng\",\"date_string\":\"02\\/09\\/2020\",\"date_original\":\"2020-09-02 23:00:00\",\"amount\":100000,\"created_at\":\"2020-09-02 22:28:01\",\"updated_at\":\"2020-09-18 16:33:42\",\"created_user\":\"vuvanvo\",\"updated_user\":\"namthang\"}','2018-04-01 11:00:00.000000'),(205,'namthang','Sửa tổng hợp doanh thu cuối ngày tự động','{\"id\":40,\"config_id\":5,\"note\":\"T\\u1ed5ng h\\u1ee3p doanh thu cu\\u1ed1i ng\\u00e0y t\\u1ef1 \\u0111\\u1ed9ng\",\"date_string\":\"04\\/09\\/2020\",\"date_original\":\"2020-09-04 22:00:00\",\"amount\":140000,\"created_at\":\"2020-09-18 17:38:22\",\"updated_at\":\"2020-09-18 17:40:20\",\"created_user\":\"namthang\",\"updated_user\":\"namthang\"}','{\"id\":40,\"config_id\":5,\"note\":\"T\\u1ed5ng h\\u1ee3p doanh thu cu\\u1ed1i ng\\u00e0y t\\u1ef1 \\u0111\\u1ed9ng\",\"date_string\":\"04\\/09\\/2020\",\"date_original\":\"2020-09-04 22:00:00\",\"amount\":140000,\"created_at\":\"2020-09-18 17:38:22\",\"updated_at\":\"2020-09-18 17:40:20\",\"created_user\":\"namthang\",\"updated_user\":\"namthang\"}','2018-04-01 11:00:00.000000'),(206,'namthang','Sửa tổng hợp doanh thu cuối ngày tự động','{\"id\":34,\"config_id\":5,\"note\":\"T\\u1ed5ng h\\u1ee3p doanh thu cu\\u1ed1i ng\\u00e0y t\\u1ef1 \\u0111\\u1ed9ng\",\"date_string\":\"02\\/09\\/2020\",\"date_original\":\"2020-09-02 23:00:00\",\"amount\":100000,\"created_at\":\"2020-09-02 22:28:01\",\"updated_at\":\"2020-09-18 16:33:42\",\"created_user\":\"vuvanvo\",\"updated_user\":\"namthang\"}','{\"id\":34,\"config_id\":5,\"note\":\"T\\u1ed5ng h\\u1ee3p doanh thu cu\\u1ed1i ng\\u00e0y t\\u1ef1 \\u0111\\u1ed9ng\",\"date_string\":\"02\\/09\\/2020\",\"date_original\":\"2020-09-02 23:00:00\",\"amount\":100000,\"created_at\":\"2020-09-02 22:28:01\",\"updated_at\":\"2020-09-18 16:33:42\",\"created_user\":\"vuvanvo\",\"updated_user\":\"namthang\"}','2018-04-01 11:00:00.000000'),(207,'namthang','Tạo tổng hợp doanh thu cuối ngày tự động','id khoản thu: 41',NULL,'2018-04-01 11:00:00.000000');
/*!40000 ALTER TABLE `dbo_log` ENABLE KEYS */;
UNLOCK TABLES;

--
-- Table structure for table `dbo_menu`
--

DROP TABLE IF EXISTS `dbo_menu`;
/*!40101 SET @saved_cs_client     = @@character_set_client */;
/*!40101 SET character_set_client = utf8 */;
CREATE TABLE `dbo_menu` (
  `id` varchar(20) NOT NULL,
  `parentid` varchar(20) DEFAULT NULL,
  `text` varchar(255) NOT NULL,
  `href` varchar(255) NOT NULL,
  `title` varchar(255) DEFAULT NULL,
  `icon` varchar(50) DEFAULT NULL,
  `index` int(10) DEFAULT 0,
  `showhome` tinyint(1) DEFAULT 0,
  PRIMARY KEY (`id`) USING BTREE
) ENGINE=InnoDB DEFAULT CHARSET=utf8 ROW_FORMAT=DYNAMIC;
/*!40101 SET character_set_client = @saved_cs_client */;

--
-- Dumping data for table `dbo_menu`
--

LOCK TABLES `dbo_menu` WRITE;
/*!40000 ALTER TABLE `dbo_menu` DISABLE KEYS */;
INSERT INTO `dbo_menu` VALUES ('480rhuz7zhk','qz9ftnuyhh','Mocktail','/mocktail','Mocktail','far fa-address-card',11,0),('4y96tjbx8qw','qz9ftnuyhh','Coffee','/coffee','Coffee','fab fa-accessible-icon',9,1),('6ot4th7pzf9',NULL,'Trang chủ','/','Trang chủ','fas fa-home',0,0),('baxgkuvqgy5',NULL,'Đăng ký học','/dang-ky','Đăng ký học','fas fa-user-edit',2,1),('bmfuj2w7bmn','qz9ftnuyhh','Sinh tố','/sinh-to','Sinh tố','fab fa-creative-commons-nd',4,1),('g9emj52hffn',NULL,'Tin tức','/tin-tuc','Tin tức','far fa-newspaper',3,0),('goli5xflyht','qz9ftnuyhh','Ăn vặt','/an-vat','Ăn vặt','fas fa-align-center',12,1),('grhgb7cqd7o','qz9ftnuyhh','Trà','/tea','Trà','fab fa-hotjar',3,1),('gsozfhnlxt','qz9ftnuyhh','Kem','/kem','Kem','fas fa-address-book',16,0),('ohj3fmndcy8',NULL,'Liên hệ','/lien-he','Liên hệ','fab fa-contao',5,1),('pjri5louhoj','qz9ftnuyhh','Topping','/topping','Topping',NULL,15,0),('qvojix4sw1j','qz9ftnuyhh','Nước ép','/nuoc-ep','Nước ép','fas fa-air-freshener',8,1),('qz9ftnuyhh',NULL,'Sản phẩm','#','Sản phẩm','fab fa-product-hunt',1,0),('tlj716njsj','qz9ftnuyhh','Đá xay','/da-xay','Đá xay','fab fa-accusoft',10,0),('ux0d7rwrbwc','qz9ftnuyhh','Sữa chua','/sua-chua','Sữa chua',NULL,13,0),('vxmoqk69bd','qz9ftnuyhh','Đồ uống khác','/do-uong-khac','Đồ uống khác',NULL,14,0);
/*!40000 ALTER TABLE `dbo_menu` ENABLE KEYS */;
UNLOCK TABLES;

--
-- Table structure for table `dbo_news`
--

DROP TABLE IF EXISTS `dbo_news`;
/*!40101 SET @saved_cs_client     = @@character_set_client */;
/*!40101 SET character_set_client = utf8 */;
CREATE TABLE `dbo_news` (
  `id` int(20) unsigned NOT NULL AUTO_INCREMENT,
  `title` varchar(1000) NOT NULL,
  `alias` varchar(500) NOT NULL,
  `summary` varchar(1000) NOT NULL,
  `content` longtext NOT NULL,
  `banner` varchar(5000) DEFAULT NULL,
  `is_hot` tinyint(1) DEFAULT NULL,
  `is_new` tinyint(1) DEFAULT NULL,
  `created_at` datetime DEFAULT NULL,
  `updated_at` timestamp NULL DEFAULT '2018-04-01 11:00:00' ON UPDATE current_timestamp(),
  PRIMARY KEY (`id`)
) ENGINE=InnoDB AUTO_INCREMENT=4 DEFAULT CHARSET=utf8;
/*!40101 SET character_set_client = @saved_cs_client */;

--
-- Dumping data for table `dbo_news`
--

LOCK TABLES `dbo_news` WRITE;
/*!40000 ALTER TABLE `dbo_news` DISABLE KEYS */;
INSERT INTO `dbo_news` VALUES (3,'Chess art coffee tuyển sinh CLB cờ vua, cờ tướng','chess-art-coffee-tuyen-sinh-clb-co-vua-co-tuong','Với mong muốn truyền cảm hứng, chắp cánh đam mê, cho các thành viên đam mê Cờ vua, Cờ tướng, hoặc ai đó muốn thử tìm kiếm đam mê với môn thể thao trí tuệ này. Đừng ngần ngại, hãy đến với Chess art coffee để cùng nhau giao lưu và mạn đàm về Cờ. Ngoài ra, quán cũng là nơi các bạn trẻ thỏa sức sáng tạo với môn nghệ thuật Làm đồ handmade, mọi người cũng có thể rủ rê bạn bè tới đây thưởng thức đồ uống tuyệt ngon và chơi những trò chơi giải trí sau giờ học tập, làm việc căng thẳng như: Cá ngựa, Cờ tỷ phú, Rút gỗ...','<p>CLB do c&ocirc; gi&aacute;o Vũ Thị Kim Luyện l&agrave;m chủ nhiệm. C&ocirc; từng tốt nghiệp loại giỏi khoa Huấn luyện thể thao, chuy&ecirc;n s&acirc;u Cờ , trường ĐH TDTT Từ Sơn, Bắc Ninh</p>\r\n\r\n<p>Giải 3 sinh vi&ecirc;n to&agrave;n quốc, nhiều năm kinh nghiệm c&ocirc;ng t&aacute;c tại trung t&acirc;m thể thao quận v&agrave; từng đưa rất nhiều học sinh đi thi đấu giải Cờ vua th&agrave;nh phố H&agrave; Nội</p>\r\n\r\n<p>1. MỤC TI&Ecirc;U</p>\r\n\r\n<ul>\r\n	<li>Gi&uacute;p cho c&aacute;c em học sinh bồi dưỡng năng lực tư duy (luyện tr&iacute; th&ocirc;ng minh, s&aacute;ng tạo...), n&acirc;ng cao phẩm chất &yacute; ch&iacute; ki&ecirc;n cường, r&egrave;n luyện khả năng l&agrave;m việc độc lập, biết c&aacute;ch suy nghĩ v&agrave; giải quyết c&aacute;c t&igrave;nh huống...</li>\r\n	<li>T&iacute;ch hợp chương tr&igrave;nh Cờ Vua v&agrave; c&aacute;c m&ocirc;n thể thao kh&aacute;c, đồng thời tổ chức c&aacute;c hoạt động văn h&oacute;a, thể thao để r&egrave;n luyện tr&iacute; lực v&agrave; thể lực, tăng cường giao lưu h&igrave;nh th&agrave;nh kỹ năng mềm cho học vi&ecirc;n.</li>\r\n	<li>Giảng dạy Cờ Vua với c&aacute;c lớp học Cờ Vua căn bản (Lớp học Cờ Vua ban đầu), lớp học Cờ Vua n&acirc;ng cao tham gia c&aacute;c giải Cờ Vua c&aacute;c cấp Quận, Th&agrave;nh phố. T&igrave;m kiếm v&agrave; nu&ocirc;i dưỡng t&agrave;i năng cờ tham gia giải đấu Quốc gia v&agrave; xa hơn l&agrave; Quốc tế. Mục ti&ecirc;u của ch&uacute;ng t&ocirc;i l&agrave; gi&uacute;p cho c&aacute;c em học chơi cờ vua giỏi hơn.<img alt=\"\" src=\"http://localhost/userfiles/files/F890A1A0-C289-448C-96F5-BE82EA81B0C9.jpg\" /><img alt=\"\" src=\"http://localhost/userfiles/files/F890A1A0-C289-448C-96F5-BE82EA81B0C9.jpg\" /></li>\r\n</ul>\r\n\r\n<p><img alt=\"\" src=\"https://chessart.cf/userfiles/files/F890A1A0-C289-448C-96F5-BE82EA81B0C9.jpg\" style=\"height:1200px; width:900px\" /></p>\r\n\r\n<p><img alt=\"\" src=\"https://chessart.cf/userfiles/files/5932F496-6070-4C68-932C-F557983807FE.jpg\" style=\"height:1200px; width:899px\" /></p>\r\n\r\n<p>&nbsp;</p>\r\n\r\n<p>2. CƠ SỞ VẬT CHẤT</p>\r\n\r\n<ul>\r\n	<li>Ph&ograve;ng học c&oacute; điều h&ograve;a, quạt, nước uống, qu&acirc;n b&agrave;n cờ, đồng hồ thi đấu Cờ vua đạt ti&ecirc;u chuẩn quốc tế, hệ thống s&aacute;ch, t&agrave;i liệu giảng dạy chuẩn được sử dụng tr&ecirc;n thế giới</li>\r\n	<li>C&oacute; bữa ăn nhẹ cho học vi&ecirc;n v&agrave;o giờ giải lao</li>\r\n</ul>\r\n\r\n<p>3. TH&Agrave;NH T&Iacute;CH Đ&Agrave;O TẠO:</p>\r\n\r\n<ul>\r\n	<li>CLB li&ecirc;n tục đ&agrave;o tạo c&aacute;c VĐV đạt giải cấp quận v&agrave; th&agrave;nh phố</li>\r\n	<li>Điển h&igrave;nh: Đỗ Phương Tuệ Anh giải nhất <img alt=\"?\" src=\"https://static.xx.fbcdn.net/images/emoji.php/v9/t94/1/16/1f947.png\" style=\"height:16px; width:16px\" /> u9 nữ Giải cờ Vua trẻ Đống Đa mở rộng 2019, Giải 3 <img alt=\"?\" src=\"https://static.xx.fbcdn.net/images/emoji.php/v9/t96/1/16/1f949.png\" style=\"height:16px; width:16px\" /> giải cờ Vua học sinh tp HN 2020</li>\r\n</ul>\r\n\r\n<p>4. M&Ocirc; H&Igrave;NH Đ&Agrave;O TẠO</p>\r\n\r\n<ul>\r\n	<li>CLB li&ecirc;n tục tuyển sinh năng khiếu cờ vua từ 4 -12 tuổi với c&aacute;c tr&igrave;nh độ:</li>\r\n</ul>\r\n\r\n<p>&nbsp; &nbsp; &nbsp; &nbsp; &nbsp; -Nhập m&ocirc;n</p>\r\n\r\n<p>&nbsp; &nbsp; &nbsp; &nbsp; &nbsp; -Cơ bản</p>\r\n\r\n<p>&nbsp; &nbsp; &nbsp; &nbsp; &nbsp; -N&acirc;ng cao</p>\r\n\r\n<p>&nbsp; &nbsp; &nbsp; &nbsp; &nbsp; -CLB t&agrave;i năng để x&acirc;y dựng đội tuyển th&agrave;nh phố v&agrave; quốc gia</p>\r\n\r\n<p>4. QUYỀN LỢI CỦA HỌC VI&Ecirc;N:</p>\r\n\r\n<ul>\r\n	<li>Được tư vấn về phương ph&aacute;p học tập v&agrave; thi đấu Cờ vua, được hưởng c&aacute;c chế độ ưu đ&atilde;i của kh&oacute;a học.</li>\r\n	<li>Được cử đi tham gia thi đấu giao hữu với c&aacute;c CLB kh&aacute;c tr&ecirc;n to&agrave;n th&agrave;nh phố.</li>\r\n	<li>C&aacute;c học vi&ecirc;n năng khiếu sẽ được tập trung huấn luyện, n&acirc;ng cao để tham gia c&aacute;c giải Cờ vua cấp cao</li>\r\n</ul>\r\n\r\n<p>5. HỌC PH&Iacute;</p>\r\n\r\n<ul>\r\n	<li>Chỉ từ 300K/ th&aacute;ng, 1 tuần 2 buổi, giảm gi&aacute; đặc biệt nh&acirc;n dịp khai trương</li>\r\n</ul>\r\n\r\n<div style=\"background:#eeeeee; border:1px solid #cccccc; padding:5px 10px\"><strong>Chess art coffee - Ươm mầm t&agrave;i năng cờ Việt</strong></div>\r\n\r\n<p><a href=\"https://www.facebook.com/hashtag/chessartcoffee?__eep__=6&amp;__cft__[0]=AZUtYcCxGVd5e2ffqrcmwMd8dPEYu6MUWDuQnOW43uBWHQO6UEHNNDh6cfOWEqCTg5YSCp7Wv8Q14IOxxDYnF_JOePqSVhVx0QGkJn0Hw2SEnz_SP2G6bIKIg7PIwa8BNh19ezgT5RmpBIZuKGPYxigM83UahrFCbI3pvocCQHYVHw&amp;__tn__=*NK-R\">#chessartcoffee</a>, <a href=\"https://www.facebook.com/hashtag/longbien?__eep__=6&amp;__cft__[0]=AZUtYcCxGVd5e2ffqrcmwMd8dPEYu6MUWDuQnOW43uBWHQO6UEHNNDh6cfOWEqCTg5YSCp7Wv8Q14IOxxDYnF_JOePqSVhVx0QGkJn0Hw2SEnz_SP2G6bIKIg7PIwa8BNh19ezgT5RmpBIZuKGPYxigM83UahrFCbI3pvocCQHYVHw&amp;__tn__=*NK-R\">#longbien</a>, <a href=\"https://www.facebook.com/hashtag/covua?__eep__=6&amp;__cft__[0]=AZUtYcCxGVd5e2ffqrcmwMd8dPEYu6MUWDuQnOW43uBWHQO6UEHNNDh6cfOWEqCTg5YSCp7Wv8Q14IOxxDYnF_JOePqSVhVx0QGkJn0Hw2SEnz_SP2G6bIKIg7PIwa8BNh19ezgT5RmpBIZuKGPYxigM83UahrFCbI3pvocCQHYVHw&amp;__tn__=*NK-R\">#covua</a>, <a href=\"https://www.facebook.com/hashtag/clbcovua?__eep__=6&amp;__cft__[0]=AZUtYcCxGVd5e2ffqrcmwMd8dPEYu6MUWDuQnOW43uBWHQO6UEHNNDh6cfOWEqCTg5YSCp7Wv8Q14IOxxDYnF_JOePqSVhVx0QGkJn0Hw2SEnz_SP2G6bIKIg7PIwa8BNh19ezgT5RmpBIZuKGPYxigM83UahrFCbI3pvocCQHYVHw&amp;__tn__=*NK-R\">#clbcovua</a>, <a href=\"https://www.facebook.com/hashtag/covualongbien?__eep__=6&amp;__cft__[0]=AZUtYcCxGVd5e2ffqrcmwMd8dPEYu6MUWDuQnOW43uBWHQO6UEHNNDh6cfOWEqCTg5YSCp7Wv8Q14IOxxDYnF_JOePqSVhVx0QGkJn0Hw2SEnz_SP2G6bIKIg7PIwa8BNh19ezgT5RmpBIZuKGPYxigM83UahrFCbI3pvocCQHYVHw&amp;__tn__=*NK-R\">#covualongbien</a> <a href=\"https://www.facebook.com/hashtag/handmade?__eep__=6&amp;__cft__[0]=AZUtYcCxGVd5e2ffqrcmwMd8dPEYu6MUWDuQnOW43uBWHQO6UEHNNDh6cfOWEqCTg5YSCp7Wv8Q14IOxxDYnF_JOePqSVhVx0QGkJn0Hw2SEnz_SP2G6bIKIg7PIwa8BNh19ezgT5RmpBIZuKGPYxigM83UahrFCbI3pvocCQHYVHw&amp;__tn__=*NK-R\">#handmade</a></p>\r\n\r\n<p><img alt=\"?\" src=\"https://static.xx.fbcdn.net/images/emoji.php/v9/tfc/1/16/1f3e6.png\" style=\"height:16px; width:16px\" />Địa điểm sinh hoạt CLB:S ố 152, Vạn Hạnh, Long Bi&ecirc;n, H&agrave; Nội</p>\r\n\r\n<p><img alt=\"☎️\" src=\"https://static.xx.fbcdn.net/images/emoji.php/v9/t22/1/16/260e.png\" style=\"height:16px; width:16px\" />Li&ecirc;n hệ đăng k&yacute;: 096.321.1591 / 0347278988</p>',NULL,1,1,'2020-07-23 10:04:59','2020-07-23 03:14:54');
/*!40000 ALTER TABLE `dbo_news` ENABLE KEYS */;
UNLOCK TABLES;

--
-- Table structure for table `dbo_order`
--

DROP TABLE IF EXISTS `dbo_order`;
/*!40101 SET @saved_cs_client     = @@character_set_client */;
/*!40101 SET character_set_client = utf8 */;
CREATE TABLE `dbo_order` (
  `id` int(20) unsigned NOT NULL AUTO_INCREMENT,
  `table` varchar(255) NOT NULL,
  `discount_rate` int(3) DEFAULT NULL,
  `discount_vnd` int(20) DEFAULT NULL,
  `grand_amount` int(20) unsigned DEFAULT 0,
  `code` varchar(10) NOT NULL,
  `description` varchar(1000) DEFAULT NULL,
  `order_status` tinyint(2) NOT NULL DEFAULT 0 COMMENT '0: Khoi tao,\r\n1: Dang pha che\r\n2: Da chuyen toi khach\r\n3: Da hoan thanh\r\n4: Huy don',
  `creator` varchar(50) DEFAULT NULL,
  `created_at` datetime(6) DEFAULT NULL,
  `updated_at` timestamp NULL DEFAULT '2018-04-01 11:00:00' ON UPDATE current_timestamp(),
  PRIMARY KEY (`id`)
) ENGINE=InnoDB AUTO_INCREMENT=135 DEFAULT CHARSET=utf8;
/*!40101 SET character_set_client = @saved_cs_client */;

--
-- Dumping data for table `dbo_order`
--

LOCK TABLES `dbo_order` WRITE;
/*!40000 ALTER TABLE `dbo_order` DISABLE KEYS */;
INSERT INTO `dbo_order` VALUES (28,'Nt1',NULL,0,85000,'Y76AVJ',NULL,0,'namthang','2020-07-13 04:38:32.000000','2018-04-01 11:00:00'),(29,'Nt2',NULL,0,100000,'D19N5K',NULL,0,'namthang','2020-07-13 06:08:18.000000','2020-07-12 23:30:10'),(31,'1',NULL,0,60000,'SCO47C',NULL,3,'vuvanvo','2020-07-14 11:41:49.000000','2020-07-15 04:06:59'),(32,'t3',NULL,0,90000,'OCCWDD',NULL,3,'vuvanvo','2020-07-14 20:49:33.000000','2020-07-15 04:06:48'),(33,'1',NULL,0,35000,'WWAJ68',NULL,3,'vuvanvo','2020-07-15 09:57:04.000000','2020-07-15 04:07:15'),(34,'1',NULL,0,10000,'QK402G',NULL,3,'vuvanvo','2020-07-15 10:45:03.000000','2020-07-15 04:07:23'),(35,'1',NULL,0,45000,'DMM1RL',NULL,3,'vuvanvo','2020-07-15 11:46:10.000000','2020-07-15 05:01:07'),(37,'1',NULL,0,10000,'A99VX9',NULL,3,'vuvanvo','2020-07-15 13:46:04.000000','2020-07-15 06:46:17'),(38,'1',NULL,0,20000,'15V2Y5',NULL,3,'vuvanvo','2020-07-15 21:41:32.000000','2020-07-15 14:41:44'),(39,'1',NULL,0,70000,'GIJH7M',NULL,3,'vuvanvo','2020-07-15 21:43:01.000000','2020-07-15 15:15:59'),(40,'1',NULL,0,20000,'NB0US6',NULL,3,'vuvanvo','2020-07-16 17:57:45.000000','2020-07-16 10:58:07'),(41,'1',NULL,0,0,'IA2QP9',NULL,0,'vuvanvo','2020-07-16 17:58:44.000000','2020-07-16 11:30:48'),(42,'1',NULL,0,40000,'F030EV',NULL,3,'vuvanvo','2020-07-16 18:29:47.000000','2020-07-16 12:02:49'),(43,'1',NULL,0,50000,'5N438V',NULL,3,'vuvanvo','2020-07-16 20:16:04.000000','2020-07-16 13:16:21'),(44,'1',NULL,0,65000,'R8JZTS',NULL,3,'vuvanvo','2020-07-17 10:34:33.000000','2020-07-17 04:39:26'),(45,'nt1',NULL,0,130000,'R26FI5',NULL,3,'namthang','2020-07-17 20:55:50.000000','2020-07-17 14:37:13'),(46,'nt2',NULL,0,120000,'KB3FKT',NULL,3,'namthang','2020-07-17 22:22:33.000000','2020-07-17 15:41:22'),(47,'thang',NULL,0,15000,'MSWZSR',NULL,3,'namthang','2020-07-18 11:14:44.000000','2020-07-18 04:14:52'),(48,'1',NULL,0,75000,'SAASW6',NULL,3,'vuvanvo','2020-07-18 20:32:43.000000','2020-07-18 13:33:28'),(49,'thang',NULL,0,35000,'NI6B4T',NULL,0,'namthang','2020-07-18 23:04:00.000000','2018-04-01 11:00:00'),(50,'1',NULL,0,25000,'S4U1LB',NULL,3,'vuvanvo','2020-07-19 10:21:45.000000','2020-07-19 11:05:47'),(51,'thang',NULL,0,25000,'ECK9P9',NULL,3,'vuvanvo','2020-07-19 18:05:36.000000','2020-07-19 11:05:50'),(52,'1',NULL,0,70000,'N67FG6',NULL,0,'vuvanvo','2020-07-19 20:41:47.000000','2018-04-01 11:00:00'),(53,'2',NULL,0,25000,'MIGAVO',NULL,3,'vuvanvo','2020-07-19 21:03:27.000000','2020-07-19 14:03:37'),(54,'2',NULL,0,20000,'IF04DX',NULL,3,'vuvanvo','2020-07-20 09:28:59.000000','2020-07-20 02:29:07'),(55,'1',NULL,0,20000,'ULYMD1',NULL,3,'vuvanvo','2020-07-21 20:04:43.000000','2020-07-21 13:04:54'),(56,'Tn1',NULL,0,90000,'UAM1UP',NULL,3,'namthang','2020-07-21 21:02:40.000000','2020-07-21 15:21:29'),(57,'nt1',NULL,0,55000,'RCIA4K',NULL,3,'vuvanvo','2020-07-21 21:23:29.000000','2020-07-21 15:01:55'),(58,'1',NULL,0,20000,'E5XMHK',NULL,3,'vuvanvo','2020-07-22 15:52:48.000000','2020-07-22 08:52:56'),(59,'14',NULL,0,10000,'F78TYV',NULL,3,'vuvanvo','2020-07-22 20:34:51.000000','2020-07-22 13:40:42'),(60,'1',NULL,0,75000,'IP9J5A',NULL,3,'vuvanvo','2020-07-22 22:44:45.000000','2020-07-22 16:16:46'),(61,'cv1',NULL,0,10000,'1F7XMN',NULL,0,'vuvanvo','2020-07-25 08:45:38.000000','2018-04-01 11:00:00'),(62,'85',NULL,0,30000,'U5OMXV',NULL,3,'vuvanvo','2020-07-26 21:39:53.000000','2020-07-26 14:40:03'),(63,'12',NULL,0,90000,'0XL5QG',NULL,3,'vuvanvo','2020-07-26 21:41:02.000000','2020-07-26 14:43:16'),(64,'1',NULL,0,15000,'L0SL7M',NULL,3,'vuvanvo','2020-07-27 08:56:31.000000','2020-07-27 01:56:41'),(65,'1',NULL,0,25000,'VN24SZ',NULL,3,'vuvanvo','2020-07-27 09:03:40.000000','2020-07-27 03:58:52'),(66,'Nt1',NULL,0,160000,'V9OL1E',NULL,3,'namthang','2020-07-27 20:52:23.000000','2020-07-27 14:13:17'),(67,'1',NULL,0,25000,'G7WDPC',NULL,3,'vuvanvo','2020-07-29 20:42:13.000000','2020-07-29 13:42:26'),(68,'1',NULL,0,25000,'7GEX61',NULL,0,'vuvanvo','2020-07-30 09:55:02.000000','2018-04-01 11:00:00'),(69,'1',NULL,0,40000,'Z9AWXR',NULL,3,'vuvanvo','2020-07-31 21:06:54.000000','2020-07-31 14:07:11'),(70,'1',NULL,0,60000,'A9DJ0A',NULL,3,'vuvanvo','2020-08-01 21:32:37.000000','2020-08-01 15:22:20'),(71,'1',NULL,0,0,'G04CDW',NULL,0,'vuvanvo','2020-08-02 21:16:46.000000','2020-08-02 14:18:05'),(72,'1',NULL,0,20000,'W9RT8P',NULL,3,'vuvanvo','2020-08-02 21:17:12.000000','2020-08-02 14:18:49'),(73,'1',NULL,0,110000,'K9N6Q5',NULL,3,'vuvanvo','2020-08-03 21:26:33.000000','2020-08-03 15:27:15'),(74,'1',NULL,0,30000,'CZ42G0',NULL,3,'vuvanvo','2020-08-05 10:18:45.000000','2020-08-05 04:47:34'),(75,'6',NULL,0,10000,'CJ69K0',NULL,3,'vuvanvo','2020-08-05 11:50:45.000000','2020-08-05 04:51:01'),(76,'1',NULL,0,90000,'90E2T0',NULL,3,'vuvanvo','2020-08-05 16:53:21.000000','2020-08-05 10:51:17'),(77,'1',NULL,0,70000,'X408HH',NULL,3,'vuvanvo','2020-08-06 19:40:53.000000','2020-08-06 15:02:25'),(78,'1',NULL,0,20000,'6SXUD1',NULL,3,'vuvanvo','2020-08-06 22:03:26.000000','2020-08-06 15:18:34'),(79,'1',NULL,0,50000,'OE00MA',NULL,3,'vuvanvo','2020-08-07 18:17:37.000000','2020-08-07 11:17:46'),(80,'1',NULL,0,110000,'6J1TWN',NULL,3,'vuvanvo','2020-08-07 21:00:05.000000','2020-08-07 14:00:18'),(81,'1',NULL,0,25000,'XU76BL',NULL,3,'vuvanvo','2020-08-07 22:38:06.000000','2020-08-07 15:38:18'),(82,'1',NULL,0,50000,'XOJNZV',NULL,3,'vuvanvo','2020-08-08 14:50:14.000000','2020-08-08 07:50:22'),(83,'1',NULL,0,85000,'JKDV1Z',NULL,3,'vuvanvo','2020-08-08 15:48:51.000000','2020-08-08 08:49:05'),(84,'1',NULL,0,15000,'6IBW53',NULL,0,'vuvanvo','2020-08-08 18:34:08.000000','2018-04-01 11:00:00'),(85,'1',NULL,0,15000,'ZMPJLN',NULL,0,'vuvanvo','2020-08-08 19:01:21.000000','2018-04-01 11:00:00'),(86,'6',NULL,0,20000,'YIS0I0',NULL,3,'vuvanvo','2020-08-12 22:20:44.000000','2020-08-12 15:20:54'),(87,'1',NULL,0,20000,'XVEMP6',NULL,3,'vuvanvo','2020-08-14 21:38:30.000000','2020-08-14 14:38:39'),(88,'1',NULL,0,25000,'8RGNTN',NULL,3,'vuvanvo','2020-08-15 17:09:09.000000','2020-08-15 10:09:18'),(89,'1',NULL,0,30000,'AWQY8D',NULL,3,'vuvanvo','2020-08-15 18:15:28.000000','2020-08-15 15:42:53'),(90,'1',NULL,0,30000,'GVEMWO',NULL,3,'vuvanvo','2020-08-15 22:43:24.000000','2020-08-15 15:43:40'),(91,'1',NULL,0,35000,'GLJ0LW',NULL,3,'vuvanvo','2020-08-16 23:11:56.000000','2020-08-16 16:12:03'),(92,'1',NULL,0,95000,'XGUXZG',NULL,3,'vuvanvo','2020-08-20 18:47:39.000000','2020-08-20 11:48:02'),(93,'2',NULL,0,30000,'150XO6',NULL,3,'vuvanvo','2020-08-21 20:31:46.000000','2020-08-21 16:09:29'),(94,'2',NULL,0,25000,'AHGKUG',NULL,3,'vuvanvo','2020-08-21 23:09:43.000000','2020-08-21 16:09:50'),(95,'1',NULL,0,80000,'ZYZ25W',NULL,3,'vuvanvo','2020-08-24 19:18:03.000000','2020-08-24 12:43:04'),(96,'1',NULL,0,35000,'7WYTED',NULL,3,'vuvanvo','2020-08-26 21:49:20.000000','2020-08-26 14:49:31'),(97,'1',23,0,50050,'BH1XZO',NULL,3,'vuvanvo','2020-08-27 17:21:49.000000','2020-08-27 10:22:00'),(98,'1',NULL,0,45000,'E4GX1K',NULL,3,'vuvanvo','2020-08-27 17:22:38.000000','2020-08-27 10:22:46'),(99,'1',NULL,0,70000,'G4WXGQ',NULL,3,'vuvanvo','2020-08-28 14:27:41.000000','2020-08-28 07:35:35'),(100,'1',NULL,0,115000,'OIJPLO',NULL,3,'vuvanvo','2020-08-28 21:30:46.000000','2020-08-28 14:31:38'),(101,'1',NULL,0,20000,'7JBY1S',NULL,3,'vuvanvo','2020-08-30 19:49:53.000000','2020-08-30 12:49:59'),(102,'1',NULL,0,50000,'Q6M2RO',NULL,3,'vuvanvo','2020-09-02 21:47:31.000000','2020-09-02 14:47:39'),(103,'3',NULL,0,50000,'RKOVMK',NULL,3,'vuvanvo','2020-09-02 21:48:09.000000','2020-09-02 15:27:57'),(104,'1',NULL,0,50000,'QW8CKV',NULL,3,'vuvanvo','2020-09-03 09:52:47.000000','2020-09-03 02:53:02'),(105,'1',NULL,0,70000,'HEW2KI',NULL,3,'vuvanvo','2020-09-03 22:21:36.000000','2020-09-03 15:27:08'),(106,'4',NULL,0,20000,'EJO482',NULL,3,'vuvanvo','2020-09-03 22:21:49.000000','2020-09-03 15:22:07'),(107,'2',20,0,24000,'TG0QFU',NULL,3,'vuvanvo','2020-09-05 09:40:37.000000','2020-09-05 02:40:49'),(108,'1',NULL,0,35000,'F2XG6W',NULL,0,'vuvanvo','2020-09-05 18:22:26.000000','2018-04-01 11:00:00'),(109,'1',NULL,0,35000,'55N7V3',NULL,3,'vuvanvo','2020-09-05 18:22:35.000000','2020-09-05 11:22:49'),(110,'2',10,0,27000,'SE54Y8',NULL,3,'vuvanvo','2020-09-05 22:11:34.000000','2020-09-05 15:11:46'),(111,'1',NULL,0,25000,'60Q2YM',NULL,3,'vuvanvo','2020-09-06 17:03:50.000000','2020-09-06 10:03:57'),(112,'1',10,0,22500,'IWEGBD',NULL,3,'vuvanvo','2020-09-07 21:52:44.000000','2020-09-07 14:52:55'),(113,'1',20,0,48000,'IJSY0R',NULL,3,'vuvanvo','2020-09-07 21:59:39.000000','2020-09-07 14:59:55'),(114,'1',NULL,0,50000,'EN3J18',NULL,3,'vuvanvo','2020-09-08 09:08:47.000000','2020-09-08 03:25:00'),(115,'1',NULL,0,30000,'DAM3X4',NULL,3,'vuvanvo','2020-09-09 11:26:12.000000','2020-09-09 04:26:31'),(116,'1',NULL,0,20000,'NKZGAH',NULL,3,'vuvanvo','2020-09-12 09:13:33.000000','2020-09-12 02:13:42'),(117,'5',NULL,0,25000,'SQVDCM',NULL,3,'vuvanvo','2020-09-12 10:48:39.000000','2020-09-12 03:48:49'),(118,'5',NULL,0,30000,'PY98UX',NULL,3,'vuvanvo','2020-09-14 11:32:15.000000','2020-09-14 04:32:26'),(119,'1',NULL,0,25000,'IQUDQ4',NULL,3,'vuvanvo','2020-09-15 09:27:12.000000','2020-09-15 02:27:20'),(120,'5',NULL,0,50000,'WMQARK',NULL,3,'vuvanvo','2020-09-15 12:21:40.000000','2020-09-15 05:24:00'),(121,'1',10,0,81000,'DR6ITR',NULL,3,'vuvanvo','2020-09-15 20:57:21.000000','2020-09-15 15:31:02'),(122,'2',10,0,72000,'1ZCVCI',NULL,3,'vuvanvo','2020-09-16 11:50:39.000000','2020-09-16 04:50:49'),(123,'1',NULL,0,65000,'VNFE6M',NULL,3,'vuvanvo','2020-09-17 11:05:01.000000','2020-09-17 04:05:10'),(124,'1',NULL,0,25000,'HXTJTN',NULL,3,'vuvanvo','2020-09-17 20:27:23.000000','2020-09-17 13:27:32'),(125,'1',NULL,0,40000,'T4KJC7',NULL,0,'vuvanvo','2020-09-18 21:09:01.000000','2018-04-01 11:00:00'),(126,'1',10,0,18000,'XN4UAO',NULL,3,'vuvanvo','2020-09-19 12:19:14.000000','2020-09-19 05:19:38'),(127,'2',NULL,0,10000,'IZULA7',NULL,3,'vuvanvo','2020-09-19 12:19:28.000000','2020-09-19 05:19:35'),(128,'1',NULL,0,60000,'EFGHRG',NULL,3,'vuvanvo','2020-09-19 15:55:49.000000','2020-09-19 13:49:53'),(129,'1',NULL,0,60000,'X8TO8X',NULL,0,'vuvanvo','2020-09-19 17:47:47.000000','2018-04-01 11:00:00'),(130,'5',NULL,0,60000,'WS230G',NULL,0,'vuvanvo','2020-09-19 20:50:49.000000','2018-04-01 11:00:00'),(131,'5',10,0,54000,'WYZVZZ',NULL,0,'vuvanvo','2020-09-19 21:58:21.000000','2018-04-01 11:00:00'),(132,'1',NULL,0,60000,'66JW99',NULL,3,'vuvanvo','2020-09-20 19:56:30.000000','2020-09-20 13:37:30'),(133,'2',NULL,0,35000,'96R2QD',NULL,3,'vuvanvo','2020-09-21 12:00:40.000000','2020-09-21 05:00:47'),(134,'1',NULL,0,45000,'EMBW7S',NULL,3,'vuvanvo','2020-09-21 17:02:46.000000','2020-09-21 10:35:32');
/*!40000 ALTER TABLE `dbo_order` ENABLE KEYS */;
UNLOCK TABLES;

--
-- Table structure for table `dbo_order_item`
--

DROP TABLE IF EXISTS `dbo_order_item`;
/*!40101 SET @saved_cs_client     = @@character_set_client */;
/*!40101 SET character_set_client = utf8 */;
CREATE TABLE `dbo_order_item` (
  `order_id` int(20) unsigned NOT NULL,
  `product_id` int(20) unsigned NOT NULL,
  `quantity` int(3) unsigned NOT NULL,
  `total_amount` int(20) DEFAULT NULL,
  `note` varchar(1000) DEFAULT NULL,
  `is_deleted` tinyint(1) DEFAULT 0,
  `deletor` varchar(50) DEFAULT NULL,
  `delete_reason` varchar(1000) DEFAULT NULL,
  KEY `fk_order_orderitem` (`order_id`),
  KEY `fk_product_orderitem` (`product_id`),
  CONSTRAINT `fk_order_orderitem` FOREIGN KEY (`order_id`) REFERENCES `dbo_order` (`id`) ON DELETE NO ACTION ON UPDATE CASCADE,
  CONSTRAINT `fk_product_orderitem` FOREIGN KEY (`product_id`) REFERENCES `dbo_product` (`id`) ON DELETE NO ACTION ON UPDATE CASCADE
) ENGINE=InnoDB DEFAULT CHARSET=utf8;
/*!40101 SET character_set_client = @saved_cs_client */;

--
-- Dumping data for table `dbo_order_item`
--

LOCK TABLES `dbo_order_item` WRITE;
/*!40000 ALTER TABLE `dbo_order_item` DISABLE KEYS */;
INSERT INTO `dbo_order_item` VALUES (28,100045,2,40000,'It da',0,NULL,NULL),(28,100029,3,45000,NULL,0,NULL,NULL),(29,100000,3,30000,NULL,0,NULL,NULL),(29,100026,1,15000,NULL,0,NULL,NULL),(29,100018,1,25000,NULL,0,NULL,NULL),(29,100002,1,20000,NULL,0,NULL,NULL),(29,100000,1,10000,NULL,0,NULL,NULL),(31,100035,2,40000,NULL,0,NULL,NULL),(31,100039,1,20000,NULL,0,NULL,NULL),(32,100000,5,50000,NULL,0,NULL,NULL),(32,100039,1,20000,NULL,0,NULL,NULL),(32,100041,1,20000,NULL,0,NULL,NULL),(33,100011,1,25000,NULL,0,NULL,NULL),(33,100000,1,10000,NULL,0,NULL,NULL),(34,100000,1,10000,NULL,0,NULL,NULL),(35,100006,1,25000,NULL,1,'namthang','sai giá'),(35,100000,1,10000,NULL,0,NULL,NULL),(35,100045,1,20000,NULL,0,NULL,NULL),(35,100006,1,15000,NULL,0,NULL,NULL),(37,100000,1,10000,NULL,0,NULL,NULL),(38,100000,2,20000,NULL,0,NULL,NULL),(39,100044,2,50000,NULL,0,NULL,NULL),(39,100045,1,20000,NULL,0,NULL,NULL),(40,100035,1,20000,NULL,0,NULL,NULL),(41,100000,2,20000,NULL,1,'vuvanvo','nhân đôi'),(42,100000,4,40000,NULL,0,NULL,NULL),(43,100026,2,30000,NULL,0,NULL,NULL),(43,100045,1,20000,NULL,0,NULL,NULL),(44,100013,1,25000,NULL,0,NULL,NULL),(44,100020,1,30000,NULL,0,NULL,NULL),(44,100038,1,10000,NULL,0,NULL,NULL),(45,100044,2,50000,NULL,0,NULL,NULL),(45,100043,1,20000,NULL,0,NULL,NULL),(45,100026,1,15000,NULL,0,NULL,NULL),(45,100008,1,25000,NULL,0,NULL,NULL),(45,100038,1,10000,NULL,0,NULL,NULL),(45,100000,1,10000,NULL,0,NULL,NULL),(46,100021,1,30000,NULL,0,NULL,NULL),(46,100022,1,25000,NULL,0,NULL,NULL),(46,100020,1,30000,NULL,0,NULL,NULL),(46,100000,1,10000,NULL,0,NULL,NULL),(46,100006,1,15000,NULL,0,NULL,NULL),(46,100038,1,10000,NULL,0,NULL,NULL),(47,100006,1,15000,NULL,0,NULL,NULL),(48,100000,3,30000,NULL,0,NULL,NULL),(48,100025,1,15000,NULL,0,NULL,NULL),(48,100043,1,20000,NULL,0,NULL,NULL),(48,100038,1,10000,NULL,0,NULL,NULL),(49,0,1,25000,'Kem bơ sữa chua',0,NULL,NULL),(49,100000,1,10000,NULL,0,NULL,NULL),(50,100013,1,25000,NULL,0,NULL,NULL),(51,100003,1,10000,NULL,0,NULL,NULL),(51,100006,1,15000,NULL,0,NULL,NULL),(52,100000,3,30000,NULL,0,NULL,NULL),(52,100004,1,20000,NULL,0,NULL,NULL),(52,100039,1,20000,NULL,0,NULL,NULL),(53,100008,1,25000,NULL,0,NULL,NULL),(54,100000,2,20000,NULL,0,NULL,NULL),(55,100000,2,20000,NULL,0,NULL,NULL),(56,100045,1,20000,NULL,0,NULL,NULL),(56,100000,1,10000,NULL,0,NULL,NULL),(56,100046,1,25000,NULL,0,NULL,NULL),(56,100046,1,25000,NULL,0,NULL,NULL),(56,100038,1,10000,NULL,0,NULL,NULL),(57,100000,2,20000,NULL,0,NULL,NULL),(57,100006,1,15000,NULL,0,NULL,NULL),(57,100001,2,20000,NULL,0,NULL,NULL),(58,100040,1,20000,NULL,0,NULL,NULL),(59,100000,1,10000,NULL,0,NULL,NULL),(60,100012,1,25000,NULL,0,NULL,NULL),(60,100035,1,20000,NULL,0,NULL,NULL),(60,100031,1,20000,NULL,0,NULL,NULL),(60,100038,1,10000,NULL,0,NULL,NULL),(61,100001,1,10000,NULL,0,NULL,NULL),(62,100006,2,30000,NULL,0,NULL,NULL),(63,100020,3,90000,NULL,0,NULL,NULL),(64,100006,1,15000,NULL,0,NULL,NULL),(65,100062,1,25000,NULL,0,NULL,NULL),(66,100008,3,75000,NULL,0,NULL,NULL),(66,100011,2,50000,NULL,0,NULL,NULL),(66,100023,1,25000,NULL,0,NULL,NULL),(66,100038,1,10000,NULL,0,NULL,NULL),(67,100008,1,25000,NULL,0,NULL,NULL),(68,100022,1,25000,NULL,0,NULL,NULL),(69,100000,4,40000,NULL,0,NULL,NULL),(70,100000,3,30000,NULL,0,NULL,NULL),(70,100000,1,10000,NULL,0,NULL,NULL),(70,100039,1,20000,NULL,0,NULL,NULL),(71,100041,1,20000,NULL,1,'vuvanvo','2 lần'),(72,100041,1,20000,NULL,0,NULL,NULL),(73,100000,4,40000,NULL,0,NULL,NULL),(73,100006,1,15000,NULL,0,NULL,NULL),(73,100056,1,5000,NULL,0,NULL,NULL),(73,100038,1,10000,NULL,0,NULL,NULL),(73,100000,1,10000,NULL,0,NULL,NULL),(73,100000,1,10000,NULL,0,NULL,NULL),(73,100000,2,20000,NULL,0,NULL,NULL),(74,100032,1,30000,NULL,0,NULL,NULL),(75,100000,1,10000,NULL,0,NULL,NULL),(76,100000,6,60000,NULL,0,NULL,NULL),(76,100031,1,20000,NULL,0,NULL,NULL),(76,100038,1,10000,NULL,0,NULL,NULL),(77,100000,6,60000,NULL,0,NULL,NULL),(77,100038,1,10000,NULL,0,NULL,NULL),(78,100043,1,20000,NULL,0,NULL,NULL),(79,100063,1,30000,NULL,0,NULL,NULL),(79,100040,1,20000,NULL,0,NULL,NULL),(80,100032,1,30000,NULL,0,NULL,NULL),(80,100020,1,30000,NULL,0,NULL,NULL),(80,100004,1,20000,NULL,0,NULL,NULL),(80,100038,1,10000,NULL,0,NULL,NULL),(80,100039,1,20000,NULL,0,NULL,NULL),(81,100000,1,10000,NULL,0,NULL,NULL),(81,100006,1,15000,NULL,0,NULL,NULL),(82,100024,1,25000,NULL,0,NULL,NULL),(82,100012,1,25000,NULL,0,NULL,NULL),(83,100000,1,10000,NULL,0,NULL,NULL),(83,100064,3,75000,NULL,0,NULL,NULL),(84,100006,1,15000,NULL,0,NULL,NULL),(85,100006,1,15000,NULL,0,NULL,NULL),(86,100000,2,20000,NULL,0,NULL,NULL),(87,100039,1,20000,NULL,0,NULL,NULL),(88,100011,1,25000,NULL,0,NULL,NULL),(89,100001,1,10000,NULL,0,NULL,NULL),(89,100004,1,20000,NULL,0,NULL,NULL),(90,100000,3,30000,NULL,0,NULL,NULL),(91,100000,1,10000,NULL,0,NULL,NULL),(91,100060,1,25000,NULL,0,NULL,NULL),(92,100000,5,50000,NULL,0,NULL,NULL),(92,100039,1,20000,NULL,0,NULL,NULL),(92,100012,1,25000,NULL,0,NULL,NULL),(93,100001,1,10000,NULL,0,NULL,NULL),(93,100004,1,20000,NULL,0,NULL,NULL),(94,100064,1,25000,NULL,0,NULL,NULL),(95,100011,2,50000,NULL,0,NULL,NULL),(95,100040,1,20000,NULL,0,NULL,NULL),(95,100000,1,10000,NULL,0,NULL,NULL),(96,100000,1,10000,NULL,0,NULL,NULL),(96,100012,1,25000,NULL,0,NULL,NULL),(97,100003,1,10000,NULL,0,NULL,NULL),(97,100044,1,25000,NULL,0,NULL,NULL),(97,100020,1,30000,NULL,0,NULL,NULL),(98,100000,2,20000,NULL,0,NULL,NULL),(98,100012,1,25000,NULL,0,NULL,NULL),(99,100011,1,25000,NULL,0,NULL,NULL),(99,100010,1,20000,NULL,0,NULL,NULL),(99,100028,1,25000,NULL,0,NULL,NULL),(100,100000,4,40000,NULL,0,NULL,NULL),(100,100018,1,25000,NULL,0,NULL,NULL),(100,100017,1,25000,NULL,0,NULL,NULL),(100,100044,1,25000,NULL,0,NULL,NULL),(101,100000,2,20000,NULL,0,NULL,NULL),(102,100044,2,50000,NULL,0,NULL,NULL),(103,100000,4,40000,NULL,0,NULL,NULL),(103,100038,1,10000,NULL,0,NULL,NULL),(104,100000,2,20000,NULL,0,NULL,NULL),(104,100003,1,10000,NULL,0,NULL,NULL),(104,100006,1,15000,NULL,0,NULL,NULL),(104,100054,1,5000,NULL,0,NULL,NULL),(105,100059,1,25000,NULL,0,NULL,NULL),(105,100060,1,25000,NULL,0,NULL,NULL),(105,100045,1,20000,NULL,0,NULL,NULL),(106,100004,1,20000,NULL,0,NULL,NULL),(107,100003,1,10000,NULL,0,NULL,NULL),(107,100004,1,20000,NULL,0,NULL,NULL),(108,100003,1,10000,NULL,0,NULL,NULL),(108,100044,1,25000,NULL,0,NULL,NULL),(109,100003,1,10000,NULL,0,NULL,NULL),(109,100044,1,25000,NULL,0,NULL,NULL),(110,100000,2,20000,NULL,0,NULL,NULL),(110,100003,1,10000,NULL,0,NULL,NULL),(111,100024,1,25000,NULL,0,NULL,NULL),(112,100012,1,25000,NULL,0,NULL,NULL),(113,100018,2,50000,NULL,0,NULL,NULL),(113,100000,1,10000,NULL,0,NULL,NULL),(114,100019,1,25000,NULL,0,NULL,NULL),(114,100011,1,25000,NULL,0,NULL,NULL),(115,100032,1,30000,NULL,0,NULL,NULL),(116,100000,2,20000,NULL,0,NULL,NULL),(117,100005,1,25000,NULL,0,NULL,NULL),(118,100021,1,30000,NULL,0,NULL,NULL),(119,100011,1,25000,NULL,0,NULL,NULL),(120,100011,2,50000,NULL,0,NULL,NULL),(121,100000,2,20000,NULL,0,NULL,NULL),(121,100003,1,10000,NULL,0,NULL,NULL),(121,100040,1,20000,NULL,0,NULL,NULL),(121,100043,2,40000,NULL,0,NULL,NULL),(122,100029,2,30000,NULL,0,NULL,NULL),(122,100019,2,50000,NULL,0,NULL,NULL),(123,100048,4,40000,NULL,0,NULL,NULL),(123,100012,1,25000,NULL,0,NULL,NULL),(124,100011,1,25000,NULL,0,NULL,NULL),(125,100000,2,20000,NULL,0,NULL,NULL),(125,100003,1,10000,NULL,0,NULL,NULL),(125,100038,1,10000,NULL,0,NULL,NULL),(126,100000,2,20000,NULL,0,NULL,NULL),(127,100000,1,10000,NULL,0,NULL,NULL),(128,100000,1,10000,NULL,0,NULL,NULL),(128,100011,1,25000,NULL,0,NULL,NULL),(128,100022,1,25000,NULL,0,NULL,NULL),(129,100000,1,10000,NULL,0,NULL,NULL),(129,100011,1,25000,NULL,0,NULL,NULL),(129,100022,1,25000,NULL,0,NULL,NULL),(130,100000,1,10000,NULL,0,NULL,NULL),(130,100003,3,30000,NULL,0,NULL,NULL),(130,100002,1,20000,NULL,0,NULL,NULL),(131,100000,1,10000,NULL,0,NULL,NULL),(131,100003,3,30000,NULL,0,NULL,NULL),(131,100002,1,20000,NULL,0,NULL,NULL),(132,100011,2,50000,NULL,0,NULL,NULL),(132,100038,1,10000,NULL,0,NULL,NULL),(133,100000,1,10000,NULL,0,NULL,NULL),(133,100064,1,25000,NULL,0,NULL,NULL),(134,100005,1,25000,NULL,0,NULL,NULL),(134,100002,1,20000,NULL,0,NULL,NULL);
/*!40000 ALTER TABLE `dbo_order_item` ENABLE KEYS */;
UNLOCK TABLES;

--
-- Table structure for table `dbo_product`
--

DROP TABLE IF EXISTS `dbo_product`;
/*!40101 SET @saved_cs_client     = @@character_set_client */;
/*!40101 SET character_set_client = utf8 */;
CREATE TABLE `dbo_product` (
  `id` int(20) unsigned NOT NULL AUTO_INCREMENT,
  `name` varchar(500) NOT NULL,
  `alias` varchar(255) NOT NULL,
  `categories` varchar(500) DEFAULT NULL,
  `amount` int(20) unsigned DEFAULT 0,
  `price` bigint(20) DEFAULT 0,
  `discount_price` bigint(20) DEFAULT 0,
  `is_hot` tinyint(1) DEFAULT 0,
  `is_new` tinyint(1) DEFAULT 0,
  `images` varchar(5000) DEFAULT NULL,
  `sumary` varchar(5000) DEFAULT NULL,
  `description` text DEFAULT NULL,
  `is_deleted` tinyint(1) DEFAULT 0,
  `created_at` datetime NOT NULL,
  `updated_at` timestamp NULL DEFAULT '2018-04-01 11:00:00' ON UPDATE current_timestamp(),
  PRIMARY KEY (`id`) USING BTREE
) ENGINE=InnoDB AUTO_INCREMENT=100065 DEFAULT CHARSET=utf8 ROW_FORMAT=DYNAMIC;
/*!40101 SET character_set_client = @saved_cs_client */;

--
-- Dumping data for table `dbo_product`
--

LOCK TABLES `dbo_product` WRITE;
/*!40000 ALTER TABLE `dbo_product` DISABLE KEYS */;
INSERT INTO `dbo_product` VALUES (0,'Sản phẩm khác','san-pham-khac',NULL,0,0,0,0,0,NULL,NULL,NULL,1,'2020-07-01 13:32:15','2020-06-30 14:44:57'),(100000,'Trà chanh truyền thống','tra-chanh-truyen-thong','grhgb7cqd7o',10000,10000,0,1,0,'[{\"size\":26686,\"key\":\"4575d15550def67719bf8293c5b91237.jpg\",\"width\":\"120px\",\"caption\":\"4575d15550def67719bf8293c5b91237.jpg\"},{\"size\":19898,\"key\":\"5345a36264f4066c1c7a996fca1c8140.jpg\",\"width\":\"120px\",\"caption\":\"5345a36264f4066c1c7a996fca1c8140.jpg\"},{\"size\":47436,\"key\":\"2cb2f931ef025d808569fd2993de41e3.jpg\",\"width\":\"120px\",\"caption\":\"2cb2f931ef025d808569fd2993de41e3.jpg\"}]','Trà chanh không chỉ nổi ở Hà Nội mà còn mang đến lợi ích nhiều sức khỏe cho người dùng','<p>Một th&oacute;i quen của người H&agrave; Nội l&agrave; nh&acirc;m nhi những ly tr&agrave; chanh, một ch&uacute;t hướng dương v&agrave; bu&ocirc;n dăm ba c&acirc;u chuyện với bạn b&egrave;. Tuy nhi&ecirc;n, bẵng đi một thời gian những tưởng rằng tr&agrave; chanh dần dần bị qu&ecirc;n đi. Nhưng trong thời gian gần đ&acirc;y, tr&agrave; chanh quay trở lại như một hiện tượng, một tr&agrave;o lưu được giới trẻ v&ocirc; c&ugrave;ng y&ecirc;u th&iacute;ch</p>',0,'2020-07-08 17:40:58',NULL),(100001,'Trà chanh lipton','tra-chanh-lipton','grhgb7cqd7o',10000,10000,0,1,0,'[{\"size\":106659,\"key\":\"3afdb72cdddc92bcd8a6172afa4f8069.jpg\",\"width\":\"120px\",\"caption\":\"3afdb72cdddc92bcd8a6172afa4f8069.jpg\"},{\"size\":76265,\"key\":\"c270eb7dd0e8b6b2e46e7b8efb3a1362.jpg\",\"width\":\"120px\",\"caption\":\"c270eb7dd0e8b6b2e46e7b8efb3a1362.jpg\"}]','Trà Lipton Ice Tea Hương Chanh là sự kết hợp hài hòa giữa hương vị chanh tươi mát, mang đến cho bạn cảm giác sảng khoái, tràn đầy sức sống','<p>Một ly tr&agrave; lipton chanh với vị chua nhẹ l&agrave; sự lựa chọn l&yacute; tưởng cho bạn sau những bữa ăn nhiều chất đạm v&agrave; dầu mỡ. V&agrave; cho những ng&agrave;y h&egrave; n&oacute;ng nực sau những giờ l&agrave;m căng thẳng</p>',0,'2020-07-08 17:47:14',NULL),(100002,'Trà hoa quả','tra-hoa-qua','grhgb7cqd7o',10000,20000,0,1,0,'[{\"size\":29096,\"key\":\"7914fa200d25ef57439b169d7f30af06.jpg\",\"width\":\"120px\",\"caption\":\"7914fa200d25ef57439b169d7f30af06.jpg\"},{\"size\":38357,\"key\":\"f7c1a52f624ab248c345b675b2386500.jpg\",\"width\":\"120px\",\"caption\":\"f7c1a52f624ab248c345b675b2386500.jpg\"},{\"size\":58901,\"key\":\"bdb534ed609f93c4ecba0dd5b43763aa.jpg\",\"width\":\"120px\",\"caption\":\"bdb534ed609f93c4ecba0dd5b43763aa.jpg\"}]','Quả là tuyệt vời vào những ngày hè nắng nóng được một ly trà hoa quả mát lạnh giải khát. Không chỉ cung cấp chất dinh dưỡng, giảm cân, giữ vóc dáng, đẹp da thì đây chính là lựa chọn số một không những cho các bạn trẻ mà cho mọi thành viên trong gia đình của bạn.','<p>Sự kết hợp hiện đại, th&uacute; vị từ hương vị tr&agrave; đậm đ&agrave; v&agrave; c&aacute;c loại tr&aacute;i c&acirc;y tạo n&ecirc;n sức h&uacute;t kh&aacute; đặc biệt cho c&aacute;c chị em hiện nay, kh&ocirc;ng những l&agrave; ẩm thực thức uống m&agrave; c&ograve;n l&agrave; bắt kịp xu hướng hiện đại</p>',0,'2020-07-08 17:49:34',NULL),(100003,'Trà quất mật ong','tra-quat-mat-ong','grhgb7cqd7o',10000,10000,0,0,1,'[{\"size\":72605,\"key\":\"e5437cb6d8d87b3005a2a61c8d5b8f2c.jpg\",\"width\":\"120px\",\"caption\":\"e5437cb6d8d87b3005a2a61c8d5b8f2c.jpg\"},{\"size\":107243,\"key\":\"48d0bd8ddbbbaee3f6408a4352fc7e52.jpg\",\"width\":\"120px\",\"caption\":\"48d0bd8ddbbbaee3f6408a4352fc7e52.jpg\"}]','Trà quất mật ong uống nóng hay lạnh đều ngon, bổ dưỡng','<p>Tr&agrave; quất mật ong l&agrave; thức uống gi&agrave;u vitamin C n&ecirc;n gi&uacute;p tăng cường sức đề kh&aacute;ng v&agrave; thanh lọc gan một c&aacute;ch tự nhi&ecirc;n. Thức uống c&oacute; vị chua thơm d&igrave;u dịu chứ kh&ocirc;ng gắt, v&igrave; d&ugrave;ng mật ong để tạo ngọt n&ecirc;n cảm gi&aacute;c vị ngọt rất vừa vặn</p>',0,'2020-07-08 17:53:04','2020-07-16 09:53:37'),(100004,'Trà táo bạc hà','tra-tao-bac-ha','grhgb7cqd7o',10000,25000,20000,0,0,'[{\"size\":37108,\"key\":\"f2daca0f73257373545af0506efd9110.jpg\",\"width\":\"120px\",\"caption\":\"f2daca0f73257373545af0506efd9110.jpg\"},{\"size\":630670,\"key\":\"a8a987fdce8dcfada2b17f2909e779e0.png\",\"width\":\"120px\",\"caption\":\"a8a987fdce8dcfada2b17f2909e779e0.png\"}]','Món trà táo bạc hà chứa ít calories, hương vị thơm ngon, dễ uống và tốt cho sức khoẻ, rất được yêu thích','<p>M&aacute;t mẻ, nhẹ nh&agrave;ng v&agrave; thanh lọc, tr&agrave; t&aacute;o bạc h&agrave; đang l&agrave; m&oacute;n đồ uống l&agrave;m đi&ecirc;n đảo trong c&aacute;c qu&aacute;n Cafe. M&ugrave;a đ&ocirc;ng hay m&ugrave;a h&egrave;, m&ugrave;a n&agrave;o cũng được ưa chuộng, chưa bao giờ giảm nhiệt</p>',0,'2020-07-08 17:56:47',NULL),(100005,'Trà đào cam sả','tra-dao-cam-sa','grhgb7cqd7o',10000,25000,0,0,0,'[{\"size\":24293,\"key\":\"73aa1d5210e16724a73ec6d54d556e87.jpg\",\"width\":\"120px\",\"caption\":\"73aa1d5210e16724a73ec6d54d556e87.jpg\"},{\"size\":76195,\"key\":\"75271630c4d1fa531ab41fcf6d08e3a0.jpg\",\"width\":\"120px\",\"caption\":\"75271630c4d1fa531ab41fcf6d08e3a0.jpg\"}]','Trà đào cam sả là thức uống siêu ngon, đang được nhiều gia đình ưa chuộng','<p>Những ng&agrave;y h&egrave; n&oacute;ng nực c&oacute; một ly&nbsp;<em>tr&agrave; đ&agrave;o cam sả</em>&nbsp;để giải nhiệt quả l&agrave; thức uống giải kh&aacute;t tuyệt vời.</p>',0,'2020-07-08 17:58:17','2020-07-16 10:05:25'),(100006,'Trà sâm dứa đào sả','tra-sam-dua-dao-sa','grhgb7cqd7o',10000,20000,15000,1,0,'[{\"size\":45082,\"key\":\"ae34c87411ccddddef235eda1f446cb1.jpg\",\"width\":\"120px\",\"caption\":\"ae34c87411ccddddef235eda1f446cb1.jpg\"},{\"size\":217178,\"key\":\"227a6e97ad674d344f2dfb6802a2b59f.jpg\",\"width\":\"120px\",\"caption\":\"227a6e97ad674d344f2dfb6802a2b59f.jpg\"}]','Mùa hè có rất nhiều hoạt động vui chơi khiến mọi người thích thú, tuy nhiên vào thời điểm này cái nóng gay gắt khiến con người ta mệt mỏi. Chính vì thế một loại thức uống giải khát ngon hấp dẫ,  giúp xua tan đi cái nóng luôn là điều vô cùng cần thiết. Trà sâm dứa đào sả sẽ là sự lựa chọn hoàn hảo cho bạn trong những ngày này.','<p>M&ugrave;a h&egrave; c&oacute; rất nhiều hoạt động vui chơi khiến mọi người th&iacute;ch th&uacute;, tuy nhi&ecirc;n v&agrave;o thời điểm n&agrave;y c&aacute;i n&oacute;ng gay gắt khiến con người ta mệt mỏi. Ch&iacute;nh v&igrave; thế một loại thức uống giải kh&aacute;t ngon hấp dẫ, &nbsp;gi&uacute;p xua tan đi c&aacute;i n&oacute;ng lu&ocirc;n l&agrave; điều v&ocirc; c&ugrave;ng cần thiết. Tr&agrave; s&acirc;m dứa đ&agrave;o sả sẽ l&agrave; sự lựa chọn ho&agrave;n hảo cho bạn trong những ng&agrave;y n&agrave;y.</p>',0,'2020-07-08 18:01:31','2020-07-15 04:57:05'),(100007,'Trà hoa đậu biếc','tra-hoa-dau-biec','grhgb7cqd7o',10000,25000,0,0,0,'[{\"size\":126720,\"key\":\"16b58fb38765f296c461f803f9ff47f4.jpg\",\"width\":\"120px\",\"caption\":\"16b58fb38765f296c461f803f9ff47f4.jpg\"},{\"size\":462170,\"key\":\"8cc8af6f9f4eb36297637b50306df6b0.jpg\",\"width\":\"120px\",\"caption\":\"8cc8af6f9f4eb36297637b50306df6b0.jpg\"}]','Ly trà hoa đậu biếc có thể đổi màu khi bạn vắt chanh hay bỏ hoa dâm bụt vào không chỉ rất thú vị mà còn mang lại nhiều lợi ích cho sức khỏe','<p>Tr&agrave; hoa đậu biếc hiện l&agrave; cơn sốt tr&ecirc;n Instagram ở nhiều nơi tr&ecirc;n thế giới. V&igrave; loại tr&agrave; n&agrave;y c&oacute; một m&agrave;u xanh da trời tuyệt đẹp. Thế nhưng loại tr&agrave; n&agrave;y kh&ocirc;ng chỉ đơn giản l&agrave; c&oacute; m&agrave;u sắc đẹp để pha chế. M&agrave; loại tr&agrave; n&agrave;y c&ograve;n tốt cho t&oacute;c, m&oacute;ng tay v&agrave; hệ miễn dịch của bạn nữa</p>',0,'2020-07-08 18:04:35',NULL),(100008,'Trà sữa chân trâu','tra-sua-chan-trau','grhgb7cqd7o',1000,25000,0,0,0,'[{\"size\":36762,\"key\":\"88b75f3bd838476eb1611554f3318c3b.jpg\",\"width\":\"120px\",\"caption\":\"88b75f3bd838476eb1611554f3318c3b.jpg\"},{\"size\":83635,\"key\":\"40047285685fc98c878cbd93329aca30.jpg\",\"width\":\"120px\",\"caption\":\"40047285685fc98c878cbd93329aca30.jpg\"}]','Trà sữa trân châu là thức uống mùa hè được rất nhiều người ưa chuộng.','<p>Tr&agrave; sữa tr&acirc;n ch&acirc;u hay tr&agrave; sữa Đ&agrave;i Loan l&agrave; thức uống được chế biến từ tr&agrave; xanh hoặc tr&agrave; đen được c&aacute;c cửa h&agrave;ng đồ uống tại Đ&agrave;i Trung, Đ&agrave;i Loan ph&aacute;t triển từ những năm 1980. Đặc điểm của tr&agrave; sữa tr&acirc;n ch&acirc;u l&agrave; khi bị lắc, một lớp bọt nước mỏng được tạo th&agrave;nh tr&ecirc;n bề mặt</p>',0,'2020-07-08 18:07:34',NULL),(100009,'Trà sữa thái','tra-sua-thai','grhgb7cqd7o',1000,20000,0,0,0,'[{\"size\":7089,\"key\":\"7fdc1a630c238af0815181f9faa190f5.jpg\",\"width\":\"120px\",\"caption\":\"7fdc1a630c238af0815181f9faa190f5.jpg\"},{\"size\":63863,\"key\":\"34dcbba0fab243467361f16378f7d1b0.jpg\",\"width\":\"120px\",\"caption\":\"34dcbba0fab243467361f16378f7d1b0.jpg\"}]','Trà sữa Thái là loại thức uống rất phù hợp cho mọi lứa tuổi bởi vì nó có vị ngọt béo và mát lạnh','<p>Cứ mỗi khi ng&agrave;y h&egrave; n&oacute;ng bức đến th&igrave; m&oacute;n đồ uống tr&agrave; sữa th&aacute;i xanh lại nổi l&ecirc;n nhanh ch&oacute;ng, kh&ocirc;ng chỉ thu phục c&aacute;c bạn trẻ m&agrave; c&ograve;n khiến nhiều lứa tuổi kh&aacute;c m&ecirc; mệt bởi độ thơm ngon, &iacute;t ngọt m&agrave; lại c&oacute; vị ch&aacute;t v&agrave; thanh m&aacute;t dễ chịu.</p>',0,'2020-07-08 18:10:21',NULL),(100010,'Đen (nóng/đá)','den-nongda','4y96tjbx8qw',1000,20000,0,0,0,'[{\"size\":149542,\"key\":\"2d7a7bf29f4564c7e722cb329efd723f.jpg\",\"width\":\"120px\",\"caption\":\"2d7a7bf29f4564c7e722cb329efd723f.jpg\"},{\"size\":721215,\"key\":\"efbb004d48e5415e24143ee5ffafd5e7.png\",\"width\":\"120px\",\"caption\":\"efbb004d48e5415e24143ee5ffafd5e7.png\"}]','Một tách cà phê uống vào buổi sáng mang lại sự hưng phấn tuyệt vời mà không một tách cà phê nào khác dù là buổi chiều hay buổi tối có thể tạo ra được.','<p>C&agrave; ph&ecirc; kh&ocirc;ng phải l&agrave; th&uacute; thanh thản như tr&agrave;, c&agrave;ng kh&ocirc;ng mạnh mẽ bạo liệt như rượu. Người thưởng thức nhẹ nh&agrave;ng cho rằng c&agrave; ph&ecirc; l&agrave; gạch nối giữa niềm vui v&agrave; nỗi buồn. Với ai đang muộn phiền, c&agrave; ph&ecirc; c&agrave;ng day dứt như một bản nhạc c&oacute; nhiều dấu lặng. C&ograve;n những kẻ m&ocirc;n đồ của gi&aacute;o ph&aacute;i c&agrave; ph&ecirc; th&igrave; cho đ&oacute; l&agrave; người đ&agrave;n b&agrave; mang b&ugrave;a ngải trong m&igrave;nh...</p>',0,'2020-07-08 18:12:33',NULL),(100011,'Nâu (nóng/đá)','nau-nongda','4y96tjbx8qw',1000,25000,0,0,0,'[{\"size\":17063,\"key\":\"911395df8ffc66b1ae646e4b9f41ce24.jpg\",\"width\":\"120px\",\"caption\":\"911395df8ffc66b1ae646e4b9f41ce24.jpg\"},{\"size\":19252,\"key\":\"a0a7065b955d55a5daeb3be3ca28da01.jpg\",\"width\":\"120px\",\"caption\":\"a0a7065b955d55a5daeb3be3ca28da01.jpg\"}]','Cà phê sữa đá hay còn gọi đơn giản là nâu đá là một loại thức uống thông dụng ở Việt Nam.','<p>Những ng&agrave;y h&egrave; nắng n&oacute;ng oi ả được thưởng thức một cốc cafe sữa đ&aacute; thực sự l&agrave; một điều tuyệt vời. Thức uống n&agrave;y được rất nhiều bạn trẻ y&ecirc;u th&iacute;ch bởi m&ugrave;i vị thơm ngon v&agrave; b&eacute;o ngậy kết hợp c&ugrave;ng sự m&aacute;t lạnh của đ&aacute;.</p>',0,'2020-07-08 18:15:15',NULL),(100012,'Bạc xỉu','bac-xiu','4y96tjbx8qw',1000,25000,0,0,0,'[{\"size\":46049,\"key\":\"aea42d858b8a35e9d09aa24f09f28664.jpg\",\"width\":\"120px\",\"caption\":\"aea42d858b8a35e9d09aa24f09f28664.jpg\"},{\"size\":77500,\"key\":\"b9b0a34915b519a51a4f4d93ec61865b.jpg\",\"width\":\"120px\",\"caption\":\"b9b0a34915b519a51a4f4d93ec61865b.jpg\"}]','Bạc xỉu là món đồ uống quen thuộc của người Việt, đặc biệt là người Sài Gòn.','<p>Bạc xỉu, một loại đồ uống kh&aacute; quen thuộc của giới trẻ hiện nay. Ban đầu, bạc xỉu ch&iacute;nh l&agrave; c&agrave; ph&ecirc; sữa đ&aacute; được pha theo kiểu của người Hoa, nhiều sữa &iacute;t c&agrave; ph&ecirc;.</p>',0,'2020-07-08 18:18:20',NULL),(100013,'Cà phê bọt biển','ca-phe-bot-bien','4y96tjbx8qw',1000,30000,25000,0,0,'[{\"size\":44602,\"key\":\"3b2e2f61502ab80087d2f2914fc4e03f.jpg\",\"width\":\"120px\",\"caption\":\"3b2e2f61502ab80087d2f2914fc4e03f.jpg\"},{\"size\":86198,\"key\":\"f93b81747674d9f05a5d56f23b1d2f58.jpg\",\"width\":\"120px\",\"caption\":\"f93b81747674d9f05a5d56f23b1d2f58.jpg\"}]','Không chỉ là thức uống “gây bão” cộng đồng mạng và được tìm kiếm nhiều nhất trên Google thời gian gần đây, cà phê bọt biển (Dalgona) còn khiến nhiều người thích thú','<p>C&agrave; ph&ecirc; bọt biển Dalgona l&agrave; một m&oacute;n &ldquo;hot trend&rdquo; được bao người m&ecirc; mẩn mặc d&ugrave; chỉ mới xuất hiện một thời gian ngắn</p>',0,'2020-07-08 18:21:37',NULL),(100014,'Cà phê trứng','ca-phe-trung','4y96tjbx8qw',1000,25000,0,0,0,'[{\"size\":44563,\"key\":\"e388bd2b8e1b9b519d1cdb5b20548451.jpg\",\"width\":\"120px\",\"caption\":\"e388bd2b8e1b9b519d1cdb5b20548451.jpg\"}]','Có một thứ đồ uống đã làm nên nét độc đáo riêng cho Hà Nội, mà còn khiến khách nước ngoài \"uống một lần nhớ mãi\". Đó chính là cafe trứng.','<p>Sau khi được r&oacute;t qua lớp bọt kem đ&aacute;nh b&ocirc;ng l&ecirc;n từ trứng, vị c&agrave; ph&ecirc; đặc đọng lại ở đ&aacute;y cốc c&oacute; phần đậm đ&agrave; hơn.</p>',0,'2020-07-08 18:25:38',NULL),(100015,'Protein','protein','bmfuj2w7bmn',1000,25000,0,1,0,'[{\"size\":149721,\"key\":\"94a2d9d7d0c0770ec68580fae1ea45cf.jpg\",\"width\":\"120px\",\"caption\":\"94a2d9d7d0c0770ec68580fae1ea45cf.jpg\"}]','Chất này cũng giúp hình thành cơ bắp, và đốt cháy nhiều calo hơn mỡ. Sinh tố protein có thể giúp giảm cân và giảm mỡ bụng','<p>Nếu bạn đ&atilde; ng&aacute;n uống những loại sữa protein đơn điệu, h&atilde;y thử ngay c&ocirc;ng thức l&agrave;m sinh tố protein vừa thơm ngon hấp dẫn tại Chess art coffee</p>',0,'2020-07-08 18:28:50','2020-07-08 11:29:44'),(100016,'Sinh tố dưa hấu','sinh-to-dua-hau','bmfuj2w7bmn',1000,30000,25000,0,1,'[{\"size\":29745,\"key\":\"dfaf189dd9defd60a48784e5d7c43f31.jpg\",\"width\":\"120px\",\"caption\":\"dfaf189dd9defd60a48784e5d7c43f31.jpg\"},{\"size\":8927,\"key\":\"b8f9c7c5840da4ae837e70b284de21c4.jpg\",\"width\":\"120px\",\"caption\":\"b8f9c7c5840da4ae837e70b284de21c4.jpg\"}]','Sinh tố dưa hấu nổi tiếng là thức uống giải nhiệt “thần kỳ”, cứu cánh những ngày oi bức, mệt mỏi.','<p>Sinh tố dưa hấu l&agrave; một loại thức uống v&ocirc; c&ugrave;ng thơm ngon cho tất cả mọi người v&agrave;o những ng&agrave;y h&egrave; nắng n&oacute;ng, gi&uacute;p bạn giải nhiệt nhanh ch&oacute;ng v&agrave; v&ocirc; c&ugrave;ng bổ dưỡng</p>',0,'2020-07-08 18:31:44',NULL),(100017,'Sinh tố xoài','sinh-to-xoai','bmfuj2w7bmn',1000,25000,0,0,0,'[{\"size\":34606,\"key\":\"972a7afea193a926795b9fa4b2c511d4.jpg\",\"width\":\"120px\",\"caption\":\"972a7afea193a926795b9fa4b2c511d4.jpg\"},{\"size\":61187,\"key\":\"c4efb922a5a9c41afbd28ab7cb9d8770.jpg\",\"width\":\"120px\",\"caption\":\"c4efb922a5a9c41afbd28ab7cb9d8770.jpg\"}]','Sinh tố xoài không chỉ là một loại nước uống giải khát bình thường mà nó còn đem đến nhiều lợi ích to lớn cho sức khỏe con người.','<p>Ly sinh tố kết hợp xo&agrave;i, chuối, tr&agrave; xanh kh&ocirc;ng chỉ m&aacute;t lạnh sảng kho&aacute;i, xua tan nắng n&oacute;ng oi bức m&agrave; c&ograve;n nạp cho cơ thể chất dinh dưỡng</p>',0,'2020-07-08 18:47:37',NULL),(100018,'Chanh tuyết','chanh-tuyet','bmfuj2w7bmn',1000,25000,0,0,0,'[{\"size\":38769,\"key\":\"3fb2db6cccf4a23383383394b28b2b31.jpg\",\"width\":\"120px\",\"caption\":\"3fb2db6cccf4a23383383394b28b2b31.jpg\"},{\"size\":262523,\"key\":\"dacfad0ca86ac0ec30befe55e3430fde.png\",\"width\":\"120px\",\"caption\":\"dacfad0ca86ac0ec30befe55e3430fde.png\"}]','Chanh tuyết là đồ uống không còn quá xa lạ với nhiều người bởi sự hòa quyện hương vị vô cùng tuyệt vời của chanh, sữa tươi, sữa đặc và đá viên','<p>Thức uống n&agrave;y thực hiện rất đơn giản, kh&ocirc;ng qu&aacute; cầu k&igrave; l&agrave; bạn đ&atilde; c&oacute; ngay một ly nước bổ dưỡng rồi. Khi uống bạn cảm nhận được hương vị tươi m&aacute;t của chanh, vị chua chua xen lẫn vị ngọt ngậy thơm của sữa v&agrave; sự m&aacute;t lạnh của đ&aacute; sẽ mang đến cho bạn một cảm gi&aacute;c sảng kho&aacute;i.</p>',0,'2020-07-08 18:50:12',NULL),(100019,'Chanh leo tuyết','chanh-leo-tuyet','bmfuj2w7bmn',1000,25000,0,0,0,'[{\"size\":44874,\"key\":\"ee2a8cd27400bf1ab629c6008977ee76.jpg\",\"width\":\"120px\",\"caption\":\"ee2a8cd27400bf1ab629c6008977ee76.jpg\"}]','Chanh Leo Tuyết là đồ uống không còn xa vời với mọi người bởi sự kết hợp giữa chanh leo, sữa tươi, sữa đặc và đá viên','<p>Khi uống bạn cảm nhận được hương vị tươi m&aacute;t của chanh leo, vị chua chua xen lẫn vị ngọt ngậy thơm của sữa v&agrave; sự m&aacute;t lạnh của đ&aacute; sẽ mang đến cho bạn một cảm gi&aacute;c sảng kho&aacute;i</p>',0,'2020-07-08 18:57:16',NULL),(100020,'Sinh tố bơ','sinh-to-bo','bmfuj2w7bmn',1000,40000,30000,1,0,'[{\"size\":30963,\"key\":\"108a4da8519b71177c2d6504001188b9.jpg\",\"width\":\"120px\",\"caption\":\"108a4da8519b71177c2d6504001188b9.jpg\"},{\"size\":29596,\"key\":\"fc2ed196003b4719c5ce43ec5c9cd831.jpg\",\"width\":\"120px\",\"caption\":\"fc2ed196003b4719c5ce43ec5c9cd831.jpg\"}]','Sinh tố bơ là nguồn dinh dưỡng đáng tuyệt vời. Nó cung cấp các vitamin A, E, C, K, B5, B6 và folate','<p>Sinh tố bơ l&agrave; m&oacute;n giải kh&aacute;t thơm ngon, dồi d&agrave;o dưỡng chất v&agrave; cực kỳ &ldquo;hợp cạ&rdquo; với kh&iacute; hậu n&oacute;ng ẩm ở Việt Nam.</p>',0,'2020-07-08 19:03:10',NULL),(100021,'Sinh tố xoài chanh leo','sinh-to-xoai-chanh-leo','bmfuj2w7bmn',1000,30000,0,0,0,'[{\"size\":20893,\"key\":\"e75ec8a3f55e1de7e22c922a06bba747.jpg\",\"width\":\"120px\",\"caption\":\"e75ec8a3f55e1de7e22c922a06bba747.jpg\"},{\"size\":68015,\"key\":\"049e01d65fc5098f792206e52ca25b76.jpg\",\"width\":\"120px\",\"caption\":\"049e01d65fc5098f792206e52ca25b76.jpg\"}]','Sinh Tố Xoài Chanh Leo là thức uống thơm ngon, bổ dưỡng mang lại rất nhiều giá trị dinh dưỡng cho cơ thể.','<p>Với c&ocirc;ng dụng giải độc, thanh nhiệt cơ thể hiệu quả, m&oacute;n sinh tố xo&agrave;i chanh d&acirc;y thơm ngon l&agrave; lựa chọn của nhiều người trong những ng&agrave;y thời tiết nắng n&oacute;ng</p>',0,'2020-07-08 19:04:48',NULL),(100022,'Đá xay cacao','da-xay-cacao','tlj716njsj',1000,25000,0,0,1,'[{\"size\":24060,\"key\":\"bd8ccd3d2cfe77aaf11be34929a46316.jpg\",\"width\":\"120px\",\"caption\":\"bd8ccd3d2cfe77aaf11be34929a46316.jpg\"}]','Với tỷ lệ thành phần hợp lý cho một ly cacao đá xay hoàn hảo, tạo ra mùi vị đúng chuẩn, mùi hương dễ chịu khi uống','<p>Sự h&ograve;a quyện giữa cacao v&agrave; đ&aacute; xay nhuyễn m&aacute;t lạnh, nh&acirc;m nhi ch&uacute;t kem tươi b&eacute;o b&eacute;o ở tr&ecirc;n khiến cho nhiều người y&ecirc;u th&iacute;ch m&oacute;n đồ uống &ldquo;đầy ắp&rdquo; n&agrave;y</p>',0,'2020-07-08 19:07:18',NULL),(100023,'Đá xay matcha','da-xay-matcha','tlj716njsj',1000,25000,0,0,0,'[{\"size\":106731,\"key\":\"21943f7642cdc9bc929c8789360c0992.jpg\",\"width\":\"120px\",\"caption\":\"21943f7642cdc9bc929c8789360c0992.jpg\"},{\"size\":29715,\"key\":\"e4b66e6540f62b6ddd15484e21684bd6.jpg\",\"width\":\"120px\",\"caption\":\"e4b66e6540f62b6ddd15484e21684bd6.jpg\"}]','Matcha ice blended lôi cuốn vị giác người thưởng thức bởi hương thơm thanh mát, dịu nhẹ từ trà xanh quyện trong vị béo ngậy của sữa tươi','<p>Nhấp từng ngụm nhỏ để cảm nhận vị m&aacute;t lạnh của đ&aacute; xay tan ngay nơi đầu lưỡi, vị beo b&eacute;o lan tỏa trong khoang miệng, để lại ch&uacute;t thanh m&aacute;t, ngọt ng&agrave;o s&acirc;u nơi cuống họng đầy quyến rũ. Matcha ice blended m&aacute;t lạnh hứa hẹn sẽ l&agrave; thức uống tuyệt vời</p>',0,'2020-07-08 19:09:15',NULL),(100024,'Đá xay bánh quy','da-xay-banh-quy','tlj716njsj',1000,25000,0,0,0,'[{\"size\":40981,\"key\":\"74085e28a4192ebca678e57192ebbd6a.jpg\",\"width\":\"120px\",\"caption\":\"74085e28a4192ebca678e57192ebbd6a.jpg\"},{\"size\":6361,\"key\":\"369db6c3106dc4f9c1c58e94074d416b.jpg\",\"width\":\"120px\",\"caption\":\"369db6c3106dc4f9c1c58e94074d416b.jpg\"}]','Cookie đá xay là món nước uống vừa ngon, vừa béo mà hiếm ai lại không thích nó','<p>&nbsp;Thưởng thức vị beo b&eacute;o của lớp kem trắng mịn b&ecirc;n tr&ecirc;n ly thức uống&nbsp;<em>đ&aacute; xay</em>, ch&uacute;t đắng nhẹ của chocolate v&agrave;&nbsp;<em>b&aacute;nh cookie</em>&nbsp;oreo.</p>',0,'2020-07-08 19:10:46',NULL),(100025,'Đá xay siro dâu','da-xay-siro-dau','tlj716njsj',1000,15000,0,1,0,'[{\"size\":29264,\"key\":\"4d7a81f4b1d28d3dc6bb156536a8b2f5.jpg\",\"width\":\"120px\",\"caption\":\"4d7a81f4b1d28d3dc6bb156536a8b2f5.jpg\"}]','Đá xay siro dâu mát lạnh, mang sắc tím đầy cuốn hút, có vị chua thanh nhẹ','<p>Đ&aacute; xay siro d&acirc;u m&aacute;t lạnh, mang sắc t&iacute;m đầy cuốn h&uacute;t, c&oacute; vị chua thanh nhẹ</p>',0,'2020-07-08 19:12:31',NULL),(100026,'Đá xay bạc hà','da-xay-bac-ha','tlj716njsj',1000,15000,0,0,0,'[{\"size\":9032,\"key\":\"a6d198f95b88dc06632fb36b9579c31c.jpg\",\"width\":\"120px\",\"caption\":\"a6d198f95b88dc06632fb36b9579c31c.jpg\"}]','Đá xay bạc hà là món đồ uống có tính the mát, giải nhiệt rất tốt vào những ngày hè nóng nực','<p>Đ&aacute; xay bạc h&agrave; l&agrave; m&oacute;n đồ uống c&oacute; t&iacute;nh the m&aacute;t, giải nhiệt rất tốt v&agrave;o những ng&agrave;y h&egrave; n&oacute;ng nực</p>',0,'2020-07-08 19:14:52',NULL),(100027,'Đá xay siro bạc hà curacao','da-xay-siro-bac-ha-curacao','tlj716njsj',1000,20000,0,0,0,'[{\"size\":9032,\"key\":\"a6d198f95b88dc06632fb36b9579c31c.jpg\",\"width\":\"120px\",\"caption\":\"a6d198f95b88dc06632fb36b9579c31c.jpg\"}]','Món Cookie này có thể thêm vị syrup bạc hà, vị socola, sữa tươi để tạo nên đặc sắc và phong phú cho thức uống','<p>M&oacute;n Cookie n&agrave;y c&oacute; thể th&ecirc;m vị syrup&nbsp;<em>bạc h&agrave;</em>, vị socola, sữa tươi để tạo n&ecirc;n đặc sắc v&agrave; phong ph&uacute; cho thức uống</p>',0,'2020-07-08 19:19:56',NULL),(100028,'Đá xay cà phê dừa','da-xay-ca-phe-dua','tlj716njsj',1000,25000,0,1,0,'[{\"size\":529379,\"key\":\"e459854c9ce20f7b4066ba2d568b43ec.png\",\"width\":\"120px\",\"caption\":\"e459854c9ce20f7b4066ba2d568b43ec.png\"}]','Cafe sữa dừa đá xay là món đồ uống nổi bật với sự hòa quyện đầy hấp dẫn của vị đắng từ cafe, vị béo ngậy thơm ngon từ đường, sữa và kem','<p>Cafe sữa dừa đ&aacute; xay l&agrave; m&oacute;n đồ uống nổi bật với sự h&ograve;a quyện đầy hấp dẫn của vị đắng từ cafe, vị b&eacute;o ngậy thơm ngon từ đường, sữa v&agrave; kem</p>',0,'2020-07-08 19:22:28',NULL),(100029,'Nước ép chanh/chanh leo','nuoc-ep-chanhchanh-leo','qvojix4sw1j',1000,15000,0,0,0,'[{\"size\":143850,\"key\":\"9a24ab12fe60b0ce95d359794d321c62.jpg\",\"width\":\"120px\",\"caption\":\"9a24ab12fe60b0ce95d359794d321c62.jpg\"},{\"size\":187119,\"key\":\"01ce43803c851144186cbb9862e74cf2.jpg\",\"width\":\"120px\",\"caption\":\"01ce43803c851144186cbb9862e74cf2.jpg\"}]','Nước ép chanh thơm có vị chua ngọt của chanh, thơm, kết hợp hài hòa sẽ mang đến cho bạn và gia đình thức uống giải khát vô cùng lý tưởng trong những ngày hè.','<p>Nước &eacute;p chanh thơm c&oacute; vị chua ngọt của chanh, thơm, kết hợp h&agrave;i h&ograve;a sẽ mang đến cho bạn v&agrave; gia đ&igrave;nh thức uống giải kh&aacute;t v&ocirc; c&ugrave;ng l&yacute; tưởng trong những ng&agrave;y h&egrave;.</p>',0,'2020-07-08 19:56:34',NULL),(100030,'Nước ép dưa hấu','nuoc-ep-dua-hau','qvojix4sw1j',1000,20000,0,0,0,'[{\"size\":90163,\"key\":\"c7992090b62b9a86fb790d0e5a338a59.jpg\",\"width\":\"120px\",\"caption\":\"c7992090b62b9a86fb790d0e5a338a59.jpg\"}]','Trong dưa hấu cũng chứa nhiều hàm lượng vitamin C, bổ sung 1 ly nước ép dưa hấu đã giúp cung cấp 21% nhu cầu vitamin C của cơ thể','<p>Loại tr&aacute;i c&acirc;y n&agrave;y chứa nhiều ka-li cũng như c&aacute;c vitamin C, A v&agrave; B6. Nước&nbsp;<em>nước &eacute;p dưa hấu</em>&nbsp;c&oacute; t&aacute;c dụng giải nhiệt, cung cấp đầy đủ nước cho cơ thể</p>',0,'2020-07-08 19:58:17',NULL),(100031,'Nước ép dứa','nuoc-ep-dua','qvojix4sw1j',1000,20000,0,0,0,'[{\"size\":39570,\"key\":\"9973fc642ae3656b1c553c76096896f9.jpg\",\"width\":\"120px\",\"caption\":\"9973fc642ae3656b1c553c76096896f9.jpg\"},{\"size\":93716,\"key\":\"d47f03a047a82317350245deb30c97a3.jpg\",\"width\":\"120px\",\"caption\":\"d47f03a047a82317350245deb30c97a3.jpg\"}]','Tác dụng của nước ép dứa không chỉ là giải nhiệt hiệu quả mà còn có giảm cân vừa hiệu quả lại an toàn, đồng thời, bổ sung vitamin C và nhiều khoáng chất','<p>Nước &eacute;p dứa thơm ngon, hương vị ngọt dễ chịu, kh&ocirc;ng bị gắt ,gi&uacute;p giải nhiệt, giảm c&acirc;n, giải rượu v&agrave; đẹp da với lượng kho&aacute;ng chất v&agrave; vitamin dồi d&agrave;o</p>',0,'2020-07-08 20:00:50',NULL),(100032,'Nước ép cam','nuoc-ep-cam','qvojix4sw1j',1000,30000,0,0,0,'[{\"size\":81508,\"key\":\"a5469569e6d674745c605641858fd536.jpg\",\"width\":\"120px\",\"caption\":\"a5469569e6d674745c605641858fd536.jpg\"},{\"size\":67896,\"key\":\"1738807f51e856aee3ecab80cf810d51.jpg\",\"width\":\"120px\",\"caption\":\"1738807f51e856aee3ecab80cf810d51.jpg\"}]','Với lượng calo thấp, lượng chất béo không đáng kể, dồi dào vitamin C và có thêm nhiều loại vi chất dinh dưỡng cần thiết cho cơ thể','<p>Uống nước cam gi&uacute;p cải thiện hệ miễn dịch: Nước &eacute;p cam v&agrave; tr&aacute;i c&acirc;y họ cam qu&yacute;t chứa nhiều vitamin C, gi&uacute;p tăng khả năng miễn dịch, chống lại bệnh c&uacute;m, cảm lạnh.</p>',0,'2020-07-08 20:02:39',NULL),(100033,'Nước ép táo','nuoc-ep-tao','qvojix4sw1j',1000,30000,0,0,0,'[{\"size\":59552,\"key\":\"176915ff09598b17dd2c5faa070bf419.jpg\",\"width\":\"120px\",\"caption\":\"176915ff09598b17dd2c5faa070bf419.jpg\"}]','Nước ép táo không chỉ tốt cho sức khoẻ, làm đẹp da mà còn giải nhiệt mùa hè','<p>Ngo&agrave;i ra nước &eacute;p t&aacute;o c&ograve;n chứa một lượng nhỏ vitamin K, vitamin B1 hay thiamin, vitamin B2, B3 hay vitamin E</p>',0,'2020-07-08 20:04:23',NULL),(100034,'Mocktail soda chanh muối','mocktail-soda-chanh-muoi','480rhuz7zhk',1000,20000,0,0,0,'[{\"size\":49921,\"key\":\"fcd855ad8a6ce5026a44cbc34edfb7a6.jpg\",\"width\":\"120px\",\"caption\":\"fcd855ad8a6ce5026a44cbc34edfb7a6.jpg\"}]','Thức uống giải khát “tức thì” đơn giản mà rất tốt cho sức khoẻ của bạn','<p>Thức uống giải kh&aacute;t &ldquo;tức th&igrave;&rdquo; đơn giản m&agrave; rất tốt cho sức khoẻ của bạn</p>',0,'2020-07-08 20:06:35',NULL),(100035,'Mojito','mojito','480rhuz7zhk',1000,20000,0,1,0,'[{\"size\":7785,\"key\":\"069d41f8b04eaf29fcba78cf30a63870.jpg\",\"width\":\"120px\",\"caption\":\"069d41f8b04eaf29fcba78cf30a63870.jpg\"}]','Nó là sự kết hợp hoàn hảo giữa vị chua của chanh, vị ngọt của đường, hương cay nồng của rượu Rhum và mùi thơm của lá bạc hà','<p>N&oacute; l&agrave; sự kết hợp ho&agrave;n hảo giữa vị chua của chanh, vị ngọt của đường, hương cay nồng của rượu Rhum v&agrave; m&ugrave;i thơm của l&aacute; bạc h&agrave;</p>',0,'2020-07-08 20:07:57',NULL),(100036,'Mojito việt quất','mojito-viet-quat','480rhuz7zhk',1000,20000,0,0,0,'[{\"size\":81622,\"key\":\"f10ca13415edf73a376d482436de8531.jpg\",\"width\":\"120px\",\"caption\":\"f10ca13415edf73a376d482436de8531.jpg\"}]','Mojito Việt Quất (blueberry) xứng danh là loại đồ uống giải nhiệt hàng đầu dành cho các ngày nắng. Với hương vị ngọt ngào của syrup, chút cảm giác chua chua của chanh, lẫn chút the mát từ lá bạc hà, sự sảng khoái mát lạnh từ soda và đá viên tất cả đã làm nên món Mojito việt quất say đắm lòng người','<p>Mojito Việt Quất (blueberry) xứng danh l&agrave; loại đồ uống giải nhiệt h&agrave;ng đầu d&agrave;nh cho c&aacute;c ng&agrave;y nắng. Với hương vị ngọt ng&agrave;o của syrup, ch&uacute;t cảm gi&aacute;c chua chua của chanh, lẫn ch&uacute;t the m&aacute;t từ l&aacute; bạc h&agrave;, sự sảng kho&aacute;i m&aacute;t lạnh từ soda v&agrave; đ&aacute; vi&ecirc;n tất cả đ&atilde; l&agrave;m n&ecirc;n m&oacute;n Mojito việt quất say đắm l&ograve;ng người</p>',0,'2020-07-08 20:10:16',NULL),(100037,'Mojito dâu','mojito-dau','480rhuz7zhk',1000,20000,0,0,1,'[{\"size\":45676,\"key\":\"76fc7f0308adb8b3185f5eb516b17277.jpg\",\"width\":\"120px\",\"caption\":\"76fc7f0308adb8b3185f5eb516b17277.jpg\"}]','Mojito là một loại thức uống truyền thống của người Cuba, được tạo nên từ sự kết hợp giữa vị chua của chanh, vị ngọt của đường hay trái cây, mùi thơm hăng hắc của lá bạc hà và chút cay nồng của rượu Rhum','<p>Mojito l&agrave; một loại thức uống truyền thống của người Cuba, được tạo n&ecirc;n từ sự kết hợp giữa vị chua của chanh, vị ngọt của đường hay tr&aacute;i c&acirc;y, m&ugrave;i thơm hăng hắc của l&aacute; bạc h&agrave; v&agrave; ch&uacute;t cay nồng của rượu Rhum</p>',0,'2020-07-08 20:11:54',NULL),(100038,'Hướng dương','huong-duong','goli5xflyht',1000,10000,0,1,0,'[{\"size\":94374,\"key\":\"ddc691fd1e17f3c44e1a9faacba3286c.jpg\",\"width\":\"120px\",\"caption\":\"ddc691fd1e17f3c44e1a9faacba3286c.jpg\"}]','Nguồn vitamin E, selen và chất đồng có nhiều trong hạt hướng dương là những chất chống ô xy hóa tự nhiên giúp ngăn chặn mọi tổn hại đối với cơ thể','<p>Nguồn vitamin E, selen v&agrave; chất đồng c&oacute; nhiều trong hạt hướng dương l&agrave; những chất chống &ocirc; xy h&oacute;a tự nhi&ecirc;n gi&uacute;p ngăn chặn mọi tổn hại đối với cơ thể</p>',0,'2020-07-08 20:13:42',NULL),(100039,'Khô gà','kho-ga','goli5xflyht',1000,20000,0,0,0,'[{\"size\":64731,\"key\":\"87370f18da65d07947da602bd7ab4fd8.jpg\",\"width\":\"120px\",\"caption\":\"87370f18da65d07947da602bd7ab4fd8.jpg\"}]','Khô Gà Lá Chanh - món ăn vặt và món nhậu cực ưa thích của nhiều người','<p><em>Kh&ocirc; G&agrave; L&aacute; Chanh - m&oacute;n ăn vặt v&agrave; m&oacute;n nhậu cực ưa th&iacute;ch của nhiều người</em></p>',0,'2020-07-08 20:15:20',NULL),(100040,'Khô bò','kho-bo','goli5xflyht',1000,20000,0,0,0,'[{\"size\":54249,\"key\":\"6d44ca8755647bc07fa3457de9ad81a7.jpg\",\"width\":\"120px\",\"caption\":\"6d44ca8755647bc07fa3457de9ad81a7.jpg\"}]','Khô bò xé sợi mà được vắt thêm chút chanh, ăn vặt hay làm mồi nhậu thì ngon hết xảy bà bảy rồi','<p>Kh&ocirc; b&ograve; x&eacute; sợi m&agrave; được vắt th&ecirc;m ch&uacute;t chanh, ăn vặt hay l&agrave;m mồi nhậu th&igrave; ngon hết xảy b&agrave; bảy rồi</p>',0,'2020-07-08 20:16:24',NULL),(100041,'Heo cháy tỏi','heo-chay-toi','goli5xflyht',1000,20000,0,0,0,'[{\"size\":56651,\"key\":\"6775143bbc7b04ae2383711f1e4dffb0.jpg\",\"width\":\"120px\",\"caption\":\"6775143bbc7b04ae2383711f1e4dffb0.jpg\"}]','Heo cháy tỏi','<p>Heo ch&aacute;y tỏi</p>',0,'2020-07-08 20:17:09',NULL),(100042,'Sữa chua','sua-chua','ux0d7rwrbwc',1000,10000,0,0,0,'[{\"size\":94408,\"key\":\"968fc634092c18212775091919a4c1ab.jpg\",\"width\":\"120px\",\"caption\":\"968fc634092c18212775091919a4c1ab.jpg\"}]','Sữa chua được yêu thích trên toàn thế giới bởi hương vị thơm mát, độ chua vừa phải ngọt dịu phù hợp với các mùa, đặc biệt là mùa hè','<p>Sữa chua được y&ecirc;u th&iacute;ch tr&ecirc;n to&agrave;n thế giới bởi hương vị thơm m&aacute;t, độ chua vừa phải ngọt dịu ph&ugrave; hợp với c&aacute;c m&ugrave;a, đặc biệt l&agrave; m&ugrave;a h&egrave;</p>',0,'2020-07-08 20:19:58',NULL),(100043,'Sữa chua đánh đá','sua-chua-danh-da','ux0d7rwrbwc',1000,20000,0,0,0,'[{\"size\":57832,\"key\":\"08edf32ec8f3a838d1ab81e1e708b041.jpg\",\"width\":\"120px\",\"caption\":\"08edf32ec8f3a838d1ab81e1e708b041.jpg\"}]','Sữa chua đánh đá không chỉ dùng để giải khát, mà nó còn có tác dụng làm đẹp da, chống lão hóa, tốt cho dạ dày và tiêu hóa','<p><em>Sữa chua đ&aacute;nh đ&aacute;</em>&nbsp;kh&ocirc;ng chỉ d&ugrave;ng để giải kh&aacute;t, m&agrave; n&oacute; c&ograve;n c&oacute; t&aacute;c dụng l&agrave;m đẹp da, chống l&atilde;o h&oacute;a, tốt cho dạ d&agrave;y v&agrave; ti&ecirc;u h&oacute;a</p>',0,'2020-07-08 20:21:10',NULL),(100044,'Sữa chua hoa quả dầm','sua-chua-hoa-qua-dam','ux0d7rwrbwc',1000,25000,0,0,0,'[{\"size\":57310,\"key\":\"2625fc0044c22badf1d1361ecebb426e.jpg\",\"width\":\"120px\",\"caption\":\"2625fc0044c22badf1d1361ecebb426e.jpg\"}]','Trái cây dầm sữa chua vừa ngon, mát, bổ dưỡng trong những ngày hè oi bức, nóng nực','<p>Tr&aacute;i c&acirc;y dầm sữa chua vừa ngon, m&aacute;t, bổ dưỡng trong những ng&agrave;y h&egrave; oi bức, n&oacute;ng nực</p>',0,'2020-07-08 20:22:22',NULL),(100045,'Sữa chua cacao','sua-chua-cacao','ux0d7rwrbwc',1000,20000,0,0,0,'[{\"size\":15987,\"key\":\"b8c013d8c157029d2a88355b024a05db.jpg\",\"width\":\"120px\",\"caption\":\"b8c013d8c157029d2a88355b024a05db.jpg\"}]','Vị đắng nhẹ của cacao nguyên chất với vị thanh mềm mịn của sữa chua tạo nên món sữa chua đánh đá cacao vừa ngon miệng lại vừa bổ dưỡng','<p>Vị đắng nhẹ của cacao nguy&ecirc;n chất với vị thanh mềm mịn của sữa chua tạo n&ecirc;n m&oacute;n sữa chua đ&aacute;nh đ&aacute; cacao vừa ngon miệng lại vừa bổ dưỡng</p>',0,'2020-07-08 20:24:05',NULL),(100046,'Sữa chua cà phê','sua-chua-ca-phe','ux0d7rwrbwc',1000,25000,0,0,0,'[{\"size\":67772,\"key\":\"ad2229225f530f6dfabc00d2001ec350.png\",\"width\":\"120px\",\"caption\":\"ad2229225f530f6dfabc00d2001ec350.png\"}]','Sữa chua cà phê','<p>Sữa chua c&agrave; ph&ecirc;</p>',0,'2020-07-08 20:26:39',NULL),(100047,'Sữa tươi','sua-tuoi','vxmoqk69bd',1000,15000,0,0,0,'[{\"size\":8610,\"key\":\"d2ca9fdbd2126c0d8f0b15c96869a652.jpg\",\"width\":\"120px\",\"caption\":\"d2ca9fdbd2126c0d8f0b15c96869a652.jpg\"}]','Sữa tươi là nguồn thực phẩm rất giàu dinh dưỡng và cực kì tốt cho cơ thể.','<p>Sữa tươi l&agrave; nguồn thực phẩm rất gi&agrave;u dinh dưỡng v&agrave; cực k&igrave; tốt cho cơ thể.</p>',0,'2020-07-08 22:17:19',NULL),(100048,'Coca','coca','vxmoqk69bd',1000,10000,0,0,0,'[{\"size\":406235,\"key\":\"52dbe260339862380efd2cddda675e59.jpg\",\"width\":\"120px\",\"caption\":\"52dbe260339862380efd2cddda675e59.jpg\"}]','Coca Cola là loại thức uống phổ biến mà cả người lớn hay trẻ nhỏ đều yêu thích','<p>Coca Cola l&agrave; loại thức uống phổ biến m&agrave; cả người lớn hay trẻ nhỏ đều y&ecirc;u th&iacute;ch</p>',0,'2020-07-08 22:19:29',NULL),(100049,'Sprite','sprite','vxmoqk69bd',1000,10000,0,0,0,'[{\"size\":90961,\"key\":\"84d7b2cb558dfd2bc7dc624a329ed923.jpg\",\"width\":\"120px\",\"caption\":\"84d7b2cb558dfd2bc7dc624a329ed923.jpg\"}]','Sprite là loại thức uống phổ biến mà cả người lớn hay trẻ nhỏ đều yêu thích','<p>Sprite l&agrave; loại thức uống phổ biến m&agrave; cả người lớn hay trẻ nhỏ đều y&ecirc;u th&iacute;ch</p>',0,'2020-07-08 22:21:30',NULL),(100050,'Nước khoáng','nuoc-khoang','vxmoqk69bd',1000,10000,0,0,0,'[{\"size\":221021,\"key\":\"6f5d41e88b540e0fb26dd60da18452d0.jpg\",\"width\":\"120px\",\"caption\":\"6f5d41e88b540e0fb26dd60da18452d0.jpg\"}]','Một phần tất yếu của cuộc sống','<p>Một phần tất yếu của cuộc sống</p>',0,'2020-07-08 22:23:03',NULL),(100051,'Cacao nóng/đá','cacao-nongda','vxmoqk69bd',1000,20000,0,0,0,'[{\"size\":34558,\"key\":\"597d315d2ea4116e5d85edf63c0d7a4b.jpg\",\"width\":\"120px\",\"caption\":\"597d315d2ea4116e5d85edf63c0d7a4b.jpg\"}]','Bột ca cao và sữa đặc là hai nguyên liệu chính để pha chế món ca cao đá gây nghiện. Để thức uống đạt hương vị thơm ngon nhất, bột ca cao bạn sử dụng phải là loại nguyên chất','<p>Bột ca cao v&agrave; sữa đặc l&agrave; hai nguy&ecirc;n liệu ch&iacute;nh để pha chế m&oacute;n ca cao đ&aacute; g&acirc;y nghiện. Để thức uống đạt hương vị thơm ngon nhất, bột ca cao bạn sử dụng phải l&agrave; loại nguy&ecirc;n chất</p>',0,'2020-07-08 22:25:53',NULL),(100052,'Sữa ngô','sua-ngo','vxmoqk69bd',1000,25000,0,0,0,'[{\"size\":5465,\"key\":\"0938b81f5fbdc4f8fe683528f9556156.jpg\",\"width\":\"120px\",\"caption\":\"0938b81f5fbdc4f8fe683528f9556156.jpg\"}]','Mùi thơm, vị béo ngậy của những ly sữa bắp mát lạnh luôn hấp dẫn trong mắt mọi người.','<p>M&ugrave;i thơm, vị b&eacute;o ngậy của những ly sữa bắp m&aacute;t lạnh lu&ocirc;n hấp dẫn trong mắt mọi người.</p>',0,'2020-07-08 22:27:03',NULL),(100053,'Sữa bí đỏ','sua-bi-do','vxmoqk69bd',1000,25000,0,0,0,'[{\"size\":57550,\"key\":\"08f837949ed78ca62843a7889ca23ad6.jpg\",\"width\":\"120px\",\"caption\":\"08f837949ed78ca62843a7889ca23ad6.jpg\"}]','Sữa bí đỏ có mùi thơm ngon ngọt, hơi béo béo mà không ngán. Chính hương vị của sữa bí đỏ đã cuốn hút nhiều người yêu thích món sữa bổ dưỡng này.','<p>Sữa b&iacute; đỏ c&oacute; m&ugrave;i thơm ngon ngọt, hơi b&eacute;o b&eacute;o m&agrave; kh&ocirc;ng ng&aacute;n. Ch&iacute;nh hương vị của sữa b&iacute; đỏ đ&atilde; cuốn h&uacute;t nhiều người y&ecirc;u th&iacute;ch m&oacute;n sữa bổ dưỡng n&agrave;y.</p>',0,'2020-07-08 22:28:06',NULL),(100054,'Trân châu trắng','tran-chau-trang','pjri5louhoj',1000,5000,0,0,0,'[{\"size\":45429,\"key\":\"14a17316facb182e826e677ca2b02c24.jpg\",\"width\":\"120px\",\"caption\":\"14a17316facb182e826e677ca2b02c24.jpg\"}]','Trân châu trắng là món ăn vặt tuyệt hảo và là topping hot của các quán trà sữa đình đám.','<p>Tr&acirc;n ch&acirc;u trắng l&agrave; m&oacute;n ăn vặt tuyệt hảo v&agrave; l&agrave; topping hot của c&aacute;c qu&aacute;n tr&agrave; sữa đ&igrave;nh đ&aacute;m.</p>',0,'2020-07-08 22:29:19',NULL),(100055,'Trân châu đen','tran-chau-den','pjri5louhoj',1000,5000,0,0,0,'[{\"size\":187984,\"key\":\"d2f8a5fa806ef8f1569ebb07de40041e.jpg\",\"width\":\"120px\",\"caption\":\"d2f8a5fa806ef8f1569ebb07de40041e.jpg\"}]','Trân Châu Đen là topping quen thuộc của các món ăn vặt đang rất thịnh hành, như trà sữa, chè..','<p>Tr&acirc;n Ch&acirc;u Đen l&agrave; topping quen thuộc của c&aacute;c m&oacute;n ăn vặt đang rất thịnh h&agrave;nh, như tr&agrave; sữa, ch&egrave;..</p>',0,'2020-07-08 22:30:39',NULL),(100056,'Thạch cá','thach-ca','pjri5louhoj',1000,5000,0,0,0,'[{\"size\":37686,\"key\":\"816b9f17fe0a8aa8bb8bd45413fba528.jpg\",\"width\":\"120px\",\"caption\":\"816b9f17fe0a8aa8bb8bd45413fba528.jpg\"}]','Thạch cá','<p>Thạch c&aacute;</p>',0,'2020-07-08 22:32:10',NULL),(100057,'Thạch quân cờ','thach-quan-co','pjri5louhoj',1000,5000,0,0,0,'[{\"size\":37686,\"key\":\"816b9f17fe0a8aa8bb8bd45413fba528.jpg\",\"width\":\"120px\",\"caption\":\"816b9f17fe0a8aa8bb8bd45413fba528.jpg\"}]','Thạch quân cờ','<p>Thạch qu&acirc;n cờ</p>',0,'2020-07-08 22:32:59',NULL),(100058,'Hạt é','hat-e','pjri5louhoj',10000,5000,0,0,0,'[{\"size\":99184,\"key\":\"5e6f9c740734c9efe07ae8858f7a27c0.png\",\"width\":\"120px\",\"caption\":\"5e6f9c740734c9efe07ae8858f7a27c0.png\"}]','Hạt é','<p>Hạt &eacute;</p>',0,'2020-07-08 22:33:44',NULL),(100059,'Kem bơ cacao','kem-bo-cacao','gsozfhnlxt',1000,30000,25000,1,1,'[{\"size\":707928,\"key\":\"ca8445a545bb862bf1ab9547f0566214.png\",\"width\":\"120px\",\"caption\":\"ca8445a545bb862bf1ab9547f0566214.png\"}]','Kem bơ Cacao với hương vị béo, ngọt, lành lạnh mà không ngán đã kiến bao thực khách say mê.','<p>Kem bơ hấp dẫn trước ti&ecirc;n nhờ v&agrave;o nguy&ecirc;n liệu tươi ngon. Bơ được d&ugrave;ng l&agrave;m kem bao giờ cũng l&agrave; bơ s&aacute;p, tươi v&agrave; ch&iacute;n vừa phải. Nhờ vậy khi ăn thực&nbsp;kh&aacute;ch sẽ thấy bơ rất mịn, thơm v&agrave; c&ograve;n cảm nhận được sự tươi mới trong đ&oacute;. C&ugrave;ng với đ&oacute;, kem tại Chess art coffe&nbsp;l&agrave;m theo một c&ocirc;ng thức ri&ecirc;ng. Ngọt vừa phải ăn kh&ocirc;ng bị ng&aacute;n. Sự kết hợp giữa bơ b&eacute;o ngậy với kem l&agrave;nh lạnh tạo n&ecirc;n một m&oacute;n ngon tuyệt vời</p>',0,'2020-07-19 09:16:18',NULL),(100060,'Kem bơ cốt dừa','kem-bo-cot-dua','gsozfhnlxt',1000,25000,0,1,1,'[{\"size\":694916,\"key\":\"f4b50bdaa24222d5efaef0745b9b83c6.png\",\"width\":\"120px\",\"caption\":\"f4b50bdaa24222d5efaef0745b9b83c6.png\"}]','Kem bơ cốt dừa với hương vị béo, ngọt, lành lạnh mà không ngán đã kiến bao thực khách say mê.','<p>Kem bơ hấp dẫn trước ti&ecirc;n nhờ v&agrave;o nguy&ecirc;n liệu tươi ngon. Bơ được d&ugrave;ng l&agrave;m kem bao giờ cũng l&agrave; bơ s&aacute;p, tươi v&agrave; ch&iacute;n vừa phải. Nhờ vậy khi ăn thực&nbsp;kh&aacute;ch sẽ thấy bơ rất mịn, thơm v&agrave; c&ograve;n cảm nhận được sự tươi mới trong đ&oacute;. C&ugrave;ng với đ&oacute;, kem tại Chess art coffe&nbsp;l&agrave;m theo một c&ocirc;ng thức ri&ecirc;ng. Ngọt vừa phải ăn kh&ocirc;ng bị ng&aacute;n. Sự kết hợp giữa bơ b&eacute;o ngậy với kem l&agrave;nh lạnh tạo n&ecirc;n một m&oacute;n ngon tuyệt vời</p>',0,'2020-07-19 09:17:54',NULL),(100061,'Kem bơ sữa chua','kem-bo-sua-chua','gsozfhnlxt',10000,30000,0,1,1,'[{\"size\":943668,\"key\":\"09daf27b61afa3cc79283bcd9cb845ec.png\",\"width\":\"120px\",\"caption\":\"09daf27b61afa3cc79283bcd9cb845ec.png\"}]','Kem bơ sữa chua với hương vị béo, ngọt, lành lạnh mà không ngán đã kiến bao thực khách say mê.','<p>Kem bơ hấp dẫn trước ti&ecirc;n nhờ v&agrave;o nguy&ecirc;n liệu tươi ngon. Bơ được d&ugrave;ng l&agrave;m kem bao giờ cũng l&agrave; bơ s&aacute;p, tươi v&agrave; ch&iacute;n vừa phải. Nhờ vậy khi ăn thực&nbsp;kh&aacute;ch sẽ thấy bơ rất mịn, thơm v&agrave; c&ograve;n cảm nhận được sự tươi mới trong đ&oacute;. C&ugrave;ng với đ&oacute;, kem tại Chess art coffe&nbsp;l&agrave;m theo một c&ocirc;ng thức ri&ecirc;ng. Ngọt vừa phải ăn kh&ocirc;ng bị ng&aacute;n. Sự kết hợp giữa bơ b&eacute;o ngậy với kem l&agrave;nh lạnh tạo n&ecirc;n một m&oacute;n ngon tuyệt vời</p>',0,'2020-07-19 09:19:28',NULL),(100062,'moca','moca','4y96tjbx8qw,tlj716njsj',1,25000,0,0,1,NULL,'cafe đá xay + cacao','<p>cafe đ&aacute; xay + cacao</p>',0,'2020-07-27 09:03:07','2018-04-01 11:00:00'),(100063,'cafe bơ lạc','cafe-bo-lac','tlj716njsj',1,30000,0,0,1,NULL,'đá xay bơ lạc cafe','<p>xay đ&aacute; vs bơ lạc cafe</p>',0,'2020-08-07 18:16:55','2018-04-01 11:00:00'),(100064,'mỳ trộn','my-tron','goli5xflyht',1,25000,0,0,0,NULL,'mỳ trộn','<p>mỳ trộn</p>',0,'2020-08-08 15:47:09','2018-04-01 11:00:00');
/*!40000 ALTER TABLE `dbo_product` ENABLE KEYS */;
UNLOCK TABLES;

--
-- Table structure for table `dbo_promotion_code`
--

DROP TABLE IF EXISTS `dbo_promotion_code`;
/*!40101 SET @saved_cs_client     = @@character_set_client */;
/*!40101 SET character_set_client = utf8 */;
CREATE TABLE `dbo_promotion_code` (
  `id` int(20) unsigned NOT NULL AUTO_INCREMENT,
  `code` varchar(20) NOT NULL,
  `mobile` varchar(15) DEFAULT NULL,
  `fullname` varchar(100) DEFAULT NULL,
  `promotion_money` int(20) DEFAULT NULL,
  `created_at` datetime DEFAULT NULL,
  `updated_at` timestamp NULL DEFAULT '2018-04-01 11:00:00' ON UPDATE current_timestamp(),
  PRIMARY KEY (`id`)
) ENGINE=InnoDB DEFAULT CHARSET=utf8;
/*!40101 SET character_set_client = @saved_cs_client */;

--
-- Dumping data for table `dbo_promotion_code`
--

LOCK TABLES `dbo_promotion_code` WRITE;
/*!40000 ALTER TABLE `dbo_promotion_code` DISABLE KEYS */;
/*!40000 ALTER TABLE `dbo_promotion_code` ENABLE KEYS */;
UNLOCK TABLES;

--
-- Table structure for table `dbo_register`
--

DROP TABLE IF EXISTS `dbo_register`;
/*!40101 SET @saved_cs_client     = @@character_set_client */;
/*!40101 SET character_set_client = utf8 */;
CREATE TABLE `dbo_register` (
  `id` int(20) unsigned NOT NULL AUTO_INCREMENT,
  `parent_name` varchar(255) NOT NULL,
  `parent_phone` varchar(20) NOT NULL,
  `child_name` varchar(255) DEFAULT NULL,
  `child_age` int(2) DEFAULT NULL,
  `class_code` varchar(20) DEFAULT NULL,
  `note` varchar(3000) DEFAULT NULL,
  `status` tinyint(2) DEFAULT 0 COMMENT '0: khoi tao\r\n1: da nop hoc phi\r\n2: dang hoc\r\n3: da hoan thanh\r\n4: da huy dang ky',
  `register_code` varchar(10) NOT NULL,
  `created_at` datetime(6) NOT NULL,
  `updated_at` timestamp(6) NULL DEFAULT '2018-04-01 11:00:00.000000' ON UPDATE current_timestamp(6),
  PRIMARY KEY (`id`)
) ENGINE=InnoDB AUTO_INCREMENT=13 DEFAULT CHARSET=utf8;
/*!40101 SET character_set_client = @saved_cs_client */;

--
-- Dumping data for table `dbo_register`
--

LOCK TABLES `dbo_register` WRITE;
/*!40000 ALTER TABLE `dbo_register` DISABLE KEYS */;
/*!40000 ALTER TABLE `dbo_register` ENABLE KEYS */;
UNLOCK TABLES;

--
-- Table structure for table `dbo_schedule`
--

DROP TABLE IF EXISTS `dbo_schedule`;
/*!40101 SET @saved_cs_client     = @@character_set_client */;
/*!40101 SET character_set_client = utf8 */;
CREATE TABLE `dbo_schedule` (
  `id` int(20) unsigned NOT NULL AUTO_INCREMENT,
  `name` varchar(255) NOT NULL,
  `time_range` varchar(500) NOT NULL,
  `tuition_fee` bigint(20) DEFAULT NULL,
  `description` varchar(500) DEFAULT NULL,
  `created_at` datetime DEFAULT NULL,
  PRIMARY KEY (`id`)
) ENGINE=InnoDB AUTO_INCREMENT=8 DEFAULT CHARSET=utf8;
/*!40101 SET character_set_client = @saved_cs_client */;

--
-- Dumping data for table `dbo_schedule`
--

LOCK TABLES `dbo_schedule` WRITE;
/*!40000 ALTER TABLE `dbo_schedule` DISABLE KEYS */;
INSERT INTO `dbo_schedule` VALUES (1,'Lớp cờ vua 1','Thứ 3 (18h-19h30), Thứ 7 (16h-17h30)',NULL,'','2020-06-23 11:33:33'),(2,'Lớp cờ vua 2','Thứ 4 (18h-19h30), Thứ 7 (8h-9h30)',NULL,'','2020-06-23 11:34:56'),(3,'Lớp cờ vua 3','Thứ 5 (18h-19h30), Chủ nhật (8h-9h30)',NULL,'','2020-06-23 11:35:49'),(4,'Lớp cờ vua 4','Thứ 6 (18h-19h30), Chủ nhật (16h-17h30)',NULL,'','2020-06-23 11:36:44');
/*!40000 ALTER TABLE `dbo_schedule` ENABLE KEYS */;
UNLOCK TABLES;

--
-- Table structure for table `dbo_user`
--

DROP TABLE IF EXISTS `dbo_user`;
/*!40101 SET @saved_cs_client     = @@character_set_client */;
/*!40101 SET character_set_client = utf8 */;
CREATE TABLE `dbo_user` (
  `id` int(20) unsigned NOT NULL AUTO_INCREMENT,
  `username` char(100) NOT NULL,
  `fullname` varchar(100) DEFAULT NULL,
  `avatar` varchar(50) DEFAULT NULL,
  `mobile` char(15) DEFAULT NULL,
  `status` tinyint(1) unsigned zerofill NOT NULL DEFAULT 0 COMMENT '0:khoi tao,1: da gui yc chung thuc,2: bi huy, 3: da chung thuc',
  `secretkey` varchar(220) DEFAULT NULL,
  `password` varchar(200) NOT NULL,
  `updated_at` timestamp(6) NOT NULL DEFAULT '2018-04-01 11:00:00.000000' ON UPDATE current_timestamp(6),
  `created_at` datetime NOT NULL,
  `remember_token` char(200) DEFAULT NULL,
  `passport` char(50) DEFAULT NULL,
  `email` char(50) DEFAULT NULL,
  `active` tinyint(1) NOT NULL DEFAULT 1,
  `ref_id` char(32) NOT NULL,
  `follow_id` char(32) DEFAULT NULL,
  PRIMARY KEY (`id`) USING BTREE,
  KEY `username` (`username`) USING BTREE
) ENGINE=InnoDB AUTO_INCREMENT=18 DEFAULT CHARSET=utf8 ROW_FORMAT=DYNAMIC;
/*!40101 SET character_set_client = @saved_cs_client */;

--
-- Dumping data for table `dbo_user`
--

LOCK TABLES `dbo_user` WRITE;
/*!40000 ALTER TABLE `dbo_user` DISABLE KEYS */;
INSERT INTO `dbo_user` VALUES (1,'0966830791','Thắng Nguyễn Nam','201902051144.png','0374535983',0,'','$2y$10$FOygEPcDWYdV9mLnDWzmHu3aZlT8bCkzWaFIj4Q7Ftva34GI.zOZ.','2019-07-27 16:34:32.089534','2018-11-27 03:17:06','hGm9boIh6yqkmp7YR9g1VPxVey0Un0SnDMuGz2edR8IIDpb2n1kVMIFSGlYj','012823735','namthang30791@gmail.com',1,'70a737f639cf6760a45f49088669938c',NULL),(8,'0374535983','Nguyễn Nam Thắng','201902161739.png','0374535983',3,'','$2y$10$yipLDKQ8QAI8wEY.crsG6.rTi2FWdXOJisvOVtVTi75KyLffCJhpi','2020-01-03 15:27:56.639926','2019-02-16 17:38:24','VcubqJjN6EV3LDll9q4EniZjCMIve0zHSp8LOTsSmMJB9JMpGbcJIcFT5qs9','0123555888','kakak1a@gmail.com',1,'940659e9e8a84a75d9e56cedb727d20a',NULL),(9,'0973576786',NULL,NULL,'0973576786',0,NULL,'$2y$10$FOygEPcDWYdV9mLnDWzmHu3aZlT8bCkzWaFIj4Q7Ftva34GI.zOZ.','2019-03-10 07:43:23.974907','2019-02-16 22:22:42','FPTKbigQEpYj3ssByfCYxNB1cBKzeenAF37T1vjIBFIiOLoWMZInKE7g7wNB',NULL,NULL,1,'959d58c964c45d97ed75c276c9578458','70a737f639cf6760a45f49088669938c'),(10,'0976474344','Long Hoang','201907271545.png','0976474344',1,'','$2y$10$9gAx8ivwr20U6SZk/NsyOeZFC8NbE224PaZQQTYBiT7CRFiCqptRa','2019-08-17 14:40:48.424287','2019-02-17 09:57:47','PMIetKZVKUopmtyBD5NIxknHj5YUKHMXHomFrebieJOLn7POSmJOUkv7XhKJ','123456789','leoledg94@gmail.com',1,'0b000081335ca4d23b0b667b49c1578d',NULL),(13,'0969078066',NULL,NULL,'0969078066',0,NULL,'$2y$10$/ENp2pHON4RYXdLsp0vcHuhpHE4rGDhXswP.iEGl0Rd6peCdYANJG','2019-02-26 23:40:50.000000','2019-02-26 23:40:50',NULL,NULL,NULL,1,'1689f32e2fb9e8bafbf1586d9b4c1171',NULL),(14,'0986400000',NULL,NULL,'0986400000',0,NULL,'$2y$10$GWfIhYgl04gUk9fchAFUEODcJ1IoQq6vuE.vTov4VBeglQMgDl6TK','2019-03-26 22:55:46.570809','2019-03-26 22:52:01','yTqVoJrye0iLjFMXbkEiT8azrXnfYd3ClCJxLE7NtoMgRrb51mTIB037yp5x',NULL,NULL,1,'901e6e17c6f63802f5363676b52b0bd5',NULL),(15,'0335055068',NULL,NULL,'0335055068',0,NULL,'$2y$10$/H5fxUpHVKTz6LcS46LhoOjb0JvLiNBFLTfZgsFUMtkRYjpt2Sdwu','2019-07-31 09:46:21.000000','2019-07-31 10:46:21',NULL,NULL,NULL,1,'bc97a17aadd1cd907ffba95f3125f035',NULL),(16,'0962053573',NULL,NULL,'0962053573',0,NULL,'$2y$10$P97YsTJ7HLTmBMaxplLpSuvAkjdU04A/2BVtdz/KaEPAC7RBa4rpy','2019-07-31 12:54:16.000000','2019-07-31 13:54:16',NULL,NULL,NULL,1,'1200bc0f3be41ec8f8b85c437cfe428d',NULL),(17,'leolanglo@gmail.com',NULL,NULL,NULL,0,NULL,'$2y$10$pyejr60pXHg2atcbhVaFduJNm3h8toY3UxyEEXS8VK5W2zTiriq6a','2020-02-16 11:42:42.128918','2020-02-16 09:56:59','nlScTl0XcnZ2H0wjVJqpGnKuQiJeiXAePPak7ogE5py27JJ9vJ6RzjYXkwLi',NULL,'leolanglo@gmail.com',1,'cf303b09925c911380a2da45b829d0ae',NULL);
/*!40000 ALTER TABLE `dbo_user` ENABLE KEYS */;
UNLOCK TABLES;

--
-- Table structure for table `dbo_user_group`
--

DROP TABLE IF EXISTS `dbo_user_group`;
/*!40101 SET @saved_cs_client     = @@character_set_client */;
/*!40101 SET character_set_client = utf8 */;
CREATE TABLE `dbo_user_group` (
  `id` int(20) unsigned NOT NULL AUTO_INCREMENT,
  `user_id` int(20) unsigned DEFAULT NULL,
  `group_id` int(11) unsigned DEFAULT NULL,
  `created_at` datetime DEFAULT NULL,
  PRIMARY KEY (`id`),
  KEY `fk_userid` (`user_id`),
  KEY `fk_groupid` (`group_id`),
  CONSTRAINT `fk_groupid` FOREIGN KEY (`group_id`) REFERENCES `dbo_group` (`id`) ON DELETE SET NULL ON UPDATE CASCADE,
  CONSTRAINT `fk_userid` FOREIGN KEY (`user_id`) REFERENCES `dbo_admin` (`id`) ON DELETE SET NULL ON UPDATE CASCADE
) ENGINE=InnoDB AUTO_INCREMENT=23 DEFAULT CHARSET=utf8;
/*!40101 SET character_set_client = @saved_cs_client */;

--
-- Dumping data for table `dbo_user_group`
--

LOCK TABLES `dbo_user_group` WRITE;
/*!40000 ALTER TABLE `dbo_user_group` DISABLE KEYS */;
INSERT INTO `dbo_user_group` VALUES (17,1,1,'2020-06-18 09:11:26'),(19,3,1,'2020-06-17 19:01:20'),(20,3,2,'2020-06-17 19:01:20'),(21,2,1,'2020-06-18 13:18:13'),(22,8,2,'2020-08-01 10:17:10');
/*!40000 ALTER TABLE `dbo_user_group` ENABLE KEYS */;
UNLOCK TABLES;
/*!40103 SET TIME_ZONE=@OLD_TIME_ZONE */;

/*!40101 SET SQL_MODE=@OLD_SQL_MODE */;
/*!40014 SET FOREIGN_KEY_CHECKS=@OLD_FOREIGN_KEY_CHECKS */;
/*!40014 SET UNIQUE_CHECKS=@OLD_UNIQUE_CHECKS */;
/*!40101 SET CHARACTER_SET_CLIENT=@OLD_CHARACTER_SET_CLIENT */;
/*!40101 SET CHARACTER_SET_RESULTS=@OLD_CHARACTER_SET_RESULTS */;
/*!40101 SET COLLATION_CONNECTION=@OLD_COLLATION_CONNECTION */;
/*!40111 SET SQL_NOTES=@OLD_SQL_NOTES */;

-- Dump completed on 2020-09-22 13:59:16
